"State","Month","Treated","Year"
"Alabama","Jan","Control",2020
"Alabama","Feb","Control",2020
"Alabama","Mar","Control",2020
"Alabama","Apr","Control",2020
"Alabama","May","Control",2020
"Alabama","Jun","Control",2020
"Alabama","Jul","Control",2020
"Alabama","Aug","Control",2020
"Alabama","Sep","Control",2020
"Alabama","Oct","Control",2020
"Alabama","Nov","Control",2020
"Alabama","Dec","Control",2020
"Alabama","Jan","Control",2021
"Alabama","Feb","Control",2021
"Alabama","Mar","Control",2021
"Alabama","Apr","Control",2021
"Alabama","May","Control",2021
"Alabama","Jun","Control",2021
"Alabama","Jul","Control",2021
"Alabama","Aug","Control",2021
"Alabama","Sep","Control",2021
"Alabama","Oct","Control",2021
"Alabama","Nov","Control",2021
"Alabama","Dec","Control",2021
"Alabama","Jan","Control",2022
"Alabama","Feb","Control",2022
"Alabama","Mar","Control",2022
"Alabama","Apr","Control",2022
"Alabama","May","Control",2022
"Alabama","Jun","Control",2022
"Alabama","Jul","Control",2022
"Alabama","Aug","Control",2022
"Alabama","Sep","Control",2022
"Alabama","Oct","Control",2022
"Alabama","Nov","Control",2022
"Alabama","Dec","Control",2022
"Alabama","Jan","Ban",2023
"Alabama","Feb","Ban",2023
"Alabama","Mar","Ban",2023
"Alabama","Apr","Ban",2023
"Alabama","May","Ban",2023
"Alabama","Jun","Ban",2023
"Alabama","Jul","Ban",2023
"Alabama","Aug","Ban",2023
"Alabama","Sep","Ban",2023
"Alabama","Oct","Ban",2023
"Alabama","Nov","Ban",2023
"Alabama","Dec","Ban",2023
"Alabama","Jan","Ban",2024
"Alabama","Feb","Ban",2024
"Alabama","Mar","Ban",2024
"Alabama","Apr","Ban",2024
"Alaska","Jan","Control",2020
"Alaska","Feb","Control",2020
"Alaska","Mar","Control",2020
"Alaska","Apr","Control",2020
"Alaska","May","Control",2020
"Alaska","Jun","Control",2020
"Alaska","Jul","Control",2020
"Alaska","Aug","Control",2020
"Alaska","Sep","Control",2020
"Alaska","Oct","Control",2020
"Alaska","Nov","Control",2020
"Alaska","Dec","Control",2020
"Alaska","Jan","Control",2021
"Alaska","Feb","Control",2021
"Alaska","Mar","Control",2021
"Alaska","Apr","Control",2021
"Alaska","May","Control",2021
"Alaska","Jun","Control",2021
"Alaska","Jul","Control",2021
"Alaska","Aug","Control",2021
"Alaska","Sep","Control",2021
"Alaska","Oct","Control",2021
"Alaska","Nov","Control",2021
"Alaska","Dec","Control",2021
"Alaska","Jan","Control",2022
"Alaska","Feb","Control",2022
"Alaska","Mar","Control",2022
"Alaska","Apr","Control",2022
"Alaska","May","Control",2022
"Alaska","Jun","Control",2022
"Alaska","Jul","Control",2022
"Alaska","Aug","Control",2022
"Alaska","Sep","Control",2022
"Alaska","Oct","Control",2022
"Alaska","Nov","Control",2022
"Alaska","Dec","Control",2022
"Alaska","Jan","Control",2023
"Alaska","Feb","Control",2023
"Alaska","Mar","Control",2023
"Alaska","Apr","Control",2023
"Alaska","May","Control",2023
"Alaska","Jun","Control",2023
"Alaska","Jul","Control",2023
"Alaska","Aug","Control",2023
"Alaska","Sep","Control",2023
"Alaska","Oct","Control",2023
"Alaska","Nov","Control",2023
"Alaska","Dec","Control",2023
"Alaska","Jan","Control",2024
"Alaska","Feb","Control",2024
"Alaska","Mar","Control",2024
"Alaska","Apr","Control",2024
"Arizona","Jan","Control",2020
"Arizona","Feb","Control",2020
"Arizona","Mar","Control",2020
"Arizona","Apr","Control",2020
"Arizona","May","Control",2020
"Arizona","Jun","Control",2020
"Arizona","Jul","Control",2020
"Arizona","Aug","Control",2020
"Arizona","Sep","Control",2020
"Arizona","Oct","Control",2020
"Arizona","Nov","Control",2020
"Arizona","Dec","Control",2020
"Arizona","Jan","Control",2021
"Arizona","Feb","Control",2021
"Arizona","Mar","Control",2021
"Arizona","Apr","Control",2021
"Arizona","May","Control",2021
"Arizona","Jun","Control",2021
"Arizona","Jul","Control",2021
"Arizona","Aug","Control",2021
"Arizona","Sep","Control",2021
"Arizona","Oct","Control",2021
"Arizona","Nov","Control",2021
"Arizona","Dec","Control",2021
"Arizona","Jan","Control",2022
"Arizona","Feb","Control",2022
"Arizona","Mar","Control",2022
"Arizona","Apr","Control",2022
"Arizona","May","Control",2022
"Arizona","Jun","Control",2022
"Arizona","Jul","Control",2022
"Arizona","Aug","Control",2022
"Arizona","Sep","Control",2022
"Arizona","Oct","Control",2022
"Arizona","Nov","Control",2022
"Arizona","Dec","Control",2022
"Arizona","Jan","Control",2023
"Arizona","Feb","Control",2023
"Arizona","Mar","Control",2023
"Arizona","Apr","Control",2023
"Arizona","May","Control",2023
"Arizona","Jun","Control",2023
"Arizona","Jul","Control",2023
"Arizona","Aug","Control",2023
"Arizona","Sep","Control",2023
"Arizona","Oct","Ban",2023
"Arizona","Nov","Control",2023
"Arizona","Dec","Control",2023
"Arizona","Jan","Control",2024
"Arizona","Feb","Control",2024
"Arizona","Mar","Control",2024
"Arizona","Apr","Control",2024
"Arkansas","Jan","Control",2020
"Arkansas","Feb","Control",2020
"Arkansas","Mar","Control",2020
"Arkansas","Apr","Control",2020
"Arkansas","May","Control",2020
"Arkansas","Jun","Control",2020
"Arkansas","Jul","Control",2020
"Arkansas","Aug","Control",2020
"Arkansas","Sep","Control",2020
"Arkansas","Oct","Control",2020
"Arkansas","Nov","Control",2020
"Arkansas","Dec","Control",2020
"Arkansas","Jan","Control",2021
"Arkansas","Feb","Control",2021
"Arkansas","Mar","Control",2021
"Arkansas","Apr","Control",2021
"Arkansas","May","Control",2021
"Arkansas","Jun","Control",2021
"Arkansas","Jul","Control",2021
"Arkansas","Aug","Control",2021
"Arkansas","Sep","Control",2021
"Arkansas","Oct","Control",2021
"Arkansas","Nov","Control",2021
"Arkansas","Dec","Control",2021
"Arkansas","Jan","Control",2022
"Arkansas","Feb","Control",2022
"Arkansas","Mar","Control",2022
"Arkansas","Apr","Control",2022
"Arkansas","May","Control",2022
"Arkansas","Jun","Control",2022
"Arkansas","Jul","Control",2022
"Arkansas","Aug","Control",2022
"Arkansas","Sep","Control",2022
"Arkansas","Oct","Control",2022
"Arkansas","Nov","Control",2022
"Arkansas","Dec","Control",2022
"Arkansas","Jan","Ban",2023
"Arkansas","Feb","Ban",2023
"Arkansas","Mar","Ban",2023
"Arkansas","Apr","Ban",2023
"Arkansas","May","Ban",2023
"Arkansas","Jun","Ban",2023
"Arkansas","Jul","Ban",2023
"Arkansas","Aug","Ban",2023
"Arkansas","Sep","Ban",2023
"Arkansas","Oct","Ban",2023
"Arkansas","Nov","Ban",2023
"Arkansas","Dec","Ban",2023
"Arkansas","Jan","Ban",2024
"Arkansas","Feb","Ban",2024
"Arkansas","Mar","Ban",2024
"Arkansas","Apr","Ban",2024
"California","Jan","Control",2020
"California","Feb","Control",2020
"California","Mar","Control",2020
"California","Apr","Control",2020
"California","May","Control",2020
"California","Jun","Control",2020
"California","Jul","Control",2020
"California","Aug","Control",2020
"California","Sep","Control",2020
"California","Oct","Control",2020
"California","Nov","Control",2020
"California","Dec","Control",2020
"California","Jan","Control",2021
"California","Feb","Control",2021
"California","Mar","Control",2021
"California","Apr","Control",2021
"California","May","Control",2021
"California","Jun","Control",2021
"California","Jul","Control",2021
"California","Aug","Control",2021
"California","Sep","Control",2021
"California","Oct","Control",2021
"California","Nov","Control",2021
"California","Dec","Control",2021
"California","Jan","Control",2022
"California","Feb","Control",2022
"California","Mar","Control",2022
"California","Apr","Control",2022
"California","May","Control",2022
"California","Jun","Control",2022
"California","Jul","Control",2022
"California","Aug","Control",2022
"California","Sep","Control",2022
"California","Oct","Control",2022
"California","Nov","Control",2022
"California","Dec","Control",2022
"California","Jan","Control",2023
"California","Feb","Control",2023
"California","Mar","Control",2023
"California","Apr","Control",2023
"California","May","Control",2023
"California","Jun","Control",2023
"California","Jul","Control",2023
"California","Aug","Control",2023
"California","Sep","Control",2023
"California","Oct","Control",2023
"California","Nov","Control",2023
"California","Dec","Control",2023
"California","Jan","Control",2024
"California","Feb","Control",2024
"California","Mar","Control",2024
"California","Apr","Control",2024
"Colorado","Jan","Control",2020
"Colorado","Feb","Control",2020
"Colorado","Mar","Control",2020
"Colorado","Apr","Control",2020
"Colorado","May","Control",2020
"Colorado","Jun","Control",2020
"Colorado","Jul","Control",2020
"Colorado","Aug","Control",2020
"Colorado","Sep","Control",2020
"Colorado","Oct","Control",2020
"Colorado","Nov","Control",2020
"Colorado","Dec","Control",2020
"Colorado","Jan","Control",2021
"Colorado","Feb","Control",2021
"Colorado","Mar","Control",2021
"Colorado","Apr","Control",2021
"Colorado","May","Control",2021
"Colorado","Jun","Control",2021
"Colorado","Jul","Control",2021
"Colorado","Aug","Control",2021
"Colorado","Sep","Control",2021
"Colorado","Oct","Control",2021
"Colorado","Nov","Control",2021
"Colorado","Dec","Control",2021
"Colorado","Jan","Control",2022
"Colorado","Feb","Control",2022
"Colorado","Mar","Control",2022
"Colorado","Apr","Control",2022
"Colorado","May","Control",2022
"Colorado","Jun","Control",2022
"Colorado","Jul","Control",2022
"Colorado","Aug","Control",2022
"Colorado","Sep","Control",2022
"Colorado","Oct","Control",2022
"Colorado","Nov","Control",2022
"Colorado","Dec","Control",2022
"Colorado","Jan","Control",2023
"Colorado","Feb","Control",2023
"Colorado","Mar","Control",2023
"Colorado","Apr","Control",2023
"Colorado","May","Control",2023
"Colorado","Jun","Control",2023
"Colorado","Jul","Control",2023
"Colorado","Aug","Control",2023
"Colorado","Sep","Control",2023
"Colorado","Oct","Control",2023
"Colorado","Nov","Control",2023
"Colorado","Dec","Control",2023
"Colorado","Jan","Control",2024
"Colorado","Feb","Control",2024
"Colorado","Mar","Control",2024
"Colorado","Apr","Control",2024
"Connecticut","Jan","Control",2020
"Connecticut","Feb","Control",2020
"Connecticut","Mar","Control",2020
"Connecticut","Apr","Control",2020
"Connecticut","May","Control",2020
"Connecticut","Jun","Control",2020
"Connecticut","Jul","Control",2020
"Connecticut","Aug","Control",2020
"Connecticut","Sep","Control",2020
"Connecticut","Oct","Control",2020
"Connecticut","Nov","Control",2020
"Connecticut","Dec","Control",2020
"Connecticut","Jan","Control",2021
"Connecticut","Feb","Control",2021
"Connecticut","Mar","Control",2021
"Connecticut","Apr","Control",2021
"Connecticut","May","Control",2021
"Connecticut","Jun","Control",2021
"Connecticut","Jul","Control",2021
"Connecticut","Aug","Control",2021
"Connecticut","Sep","Control",2021
"Connecticut","Oct","Control",2021
"Connecticut","Nov","Control",2021
"Connecticut","Dec","Control",2021
"Connecticut","Jan","Control",2022
"Connecticut","Feb","Control",2022
"Connecticut","Mar","Control",2022
"Connecticut","Apr","Control",2022
"Connecticut","May","Control",2022
"Connecticut","Jun","Control",2022
"Connecticut","Jul","Control",2022
"Connecticut","Aug","Control",2022
"Connecticut","Sep","Control",2022
"Connecticut","Oct","Control",2022
"Connecticut","Nov","Control",2022
"Connecticut","Dec","Control",2022
"Connecticut","Jan","Control",2023
"Connecticut","Feb","Control",2023
"Connecticut","Mar","Control",2023
"Connecticut","Apr","Control",2023
"Connecticut","May","Control",2023
"Connecticut","Jun","Control",2023
"Connecticut","Jul","Control",2023
"Connecticut","Aug","Control",2023
"Connecticut","Sep","Control",2023
"Connecticut","Oct","Control",2023
"Connecticut","Nov","Control",2023
"Connecticut","Dec","Control",2023
"Connecticut","Jan","Control",2024
"Connecticut","Feb","Control",2024
"Connecticut","Mar","Control",2024
"Connecticut","Apr","Control",2024
"DC","Jan","Control",2020
"DC","Feb","Control",2020
"DC","Mar","Control",2020
"DC","Apr","Control",2020
"DC","May","Control",2020
"DC","Jun","Control",2020
"DC","Jul","Control",2020
"DC","Aug","Control",2020
"DC","Sep","Control",2020
"DC","Oct","Control",2020
"DC","Nov","Control",2020
"DC","Dec","Control",2020
"DC","Jan","Control",2021
"DC","Feb","Control",2021
"DC","Mar","Control",2021
"DC","Apr","Control",2021
"DC","May","Control",2021
"DC","Jun","Control",2021
"DC","Jul","Control",2021
"DC","Aug","Control",2021
"DC","Sep","Control",2021
"DC","Oct","Control",2021
"DC","Nov","Control",2021
"DC","Dec","Control",2021
"DC","Jan","Control",2022
"DC","Feb","Control",2022
"DC","Mar","Control",2022
"DC","Apr","Control",2022
"DC","May","Control",2022
"DC","Jun","Control",2022
"DC","Jul","Control",2022
"DC","Aug","Control",2022
"DC","Sep","Control",2022
"DC","Oct","Control",2022
"DC","Nov","Control",2022
"DC","Dec","Control",2022
"DC","Jan","Control",2023
"DC","Feb","Control",2023
"DC","Mar","Control",2023
"DC","Apr","Control",2023
"DC","May","Control",2023
"DC","Jun","Control",2023
"DC","Jul","Control",2023
"DC","Aug","Control",2023
"DC","Sep","Control",2023
"DC","Oct","Control",2023
"DC","Nov","Control",2023
"DC","Dec","Control",2023
"DC","Jan","Control",2024
"DC","Feb","Control",2024
"DC","Mar","Control",2024
"DC","Apr","Control",2024
"Delaware","Jan","Control",2020
"Delaware","Feb","Control",2020
"Delaware","Mar","Control",2020
"Delaware","Apr","Control",2020
"Delaware","May","Control",2020
"Delaware","Jun","Control",2020
"Delaware","Jul","Control",2020
"Delaware","Aug","Control",2020
"Delaware","Sep","Control",2020
"Delaware","Oct","Control",2020
"Delaware","Nov","Control",2020
"Delaware","Dec","Control",2020
"Delaware","Jan","Control",2021
"Delaware","Feb","Control",2021
"Delaware","Mar","Control",2021
"Delaware","Apr","Control",2021
"Delaware","May","Control",2021
"Delaware","Jun","Control",2021
"Delaware","Jul","Control",2021
"Delaware","Aug","Control",2021
"Delaware","Sep","Control",2021
"Delaware","Oct","Control",2021
"Delaware","Nov","Control",2021
"Delaware","Dec","Control",2021
"Delaware","Jan","Control",2022
"Delaware","Feb","Control",2022
"Delaware","Mar","Control",2022
"Delaware","Apr","Control",2022
"Delaware","May","Control",2022
"Delaware","Jun","Control",2022
"Delaware","Jul","Control",2022
"Delaware","Aug","Control",2022
"Delaware","Sep","Control",2022
"Delaware","Oct","Control",2022
"Delaware","Nov","Control",2022
"Delaware","Dec","Control",2022
"Delaware","Jan","Control",2023
"Delaware","Feb","Control",2023
"Delaware","Mar","Control",2023
"Delaware","Apr","Control",2023
"Delaware","May","Control",2023
"Delaware","Jun","Control",2023
"Delaware","Jul","Control",2023
"Delaware","Aug","Control",2023
"Delaware","Sep","Control",2023
"Delaware","Oct","Control",2023
"Delaware","Nov","Control",2023
"Delaware","Dec","Control",2023
"Delaware","Jan","Control",2024
"Delaware","Feb","Control",2024
"Delaware","Mar","Control",2024
"Delaware","Apr","Control",2024
"Florida","Jan","Control",2020
"Florida","Feb","Control",2020
"Florida","Mar","Control",2020
"Florida","Apr","Control",2020
"Florida","May","Control",2020
"Florida","Jun","Control",2020
"Florida","Jul","Control",2020
"Florida","Aug","Control",2020
"Florida","Sep","Control",2020
"Florida","Oct","Control",2020
"Florida","Nov","Control",2020
"Florida","Dec","Control",2020
"Florida","Jan","Control",2021
"Florida","Feb","Control",2021
"Florida","Mar","Control",2021
"Florida","Apr","Control",2021
"Florida","May","Control",2021
"Florida","Jun","Control",2021
"Florida","Jul","Control",2021
"Florida","Aug","Control",2021
"Florida","Sep","Control",2021
"Florida","Oct","Control",2021
"Florida","Nov","Control",2021
"Florida","Dec","Control",2021
"Florida","Jan","Control",2022
"Florida","Feb","Control",2022
"Florida","Mar","Control",2022
"Florida","Apr","Control",2022
"Florida","May","Control",2022
"Florida","Jun","Control",2022
"Florida","Jul","Control",2022
"Florida","Aug","Control",2022
"Florida","Sep","Control",2022
"Florida","Oct","Control",2022
"Florida","Nov","Control",2022
"Florida","Dec","Control",2022
"Florida","Jan","Control",2023
"Florida","Feb","Control",2023
"Florida","Mar","Control",2023
"Florida","Apr","Control",2023
"Florida","May","Control",2023
"Florida","Jun","Control",2023
"Florida","Jul","Control",2023
"Florida","Aug","Control",2023
"Florida","Sep","Control",2023
"Florida","Oct","Control",2023
"Florida","Nov","Control",2023
"Florida","Dec","Control",2023
"Florida","Jan","Control",2024
"Florida","Feb","Control",2024
"Florida","Mar","Control",2024
"Florida","Apr","Control",2024
"Georgia","Jan","Control",2020
"Georgia","Feb","Control",2020
"Georgia","Mar","Control",2020
"Georgia","Apr","Control",2020
"Georgia","May","Control",2020
"Georgia","Jun","Control",2020
"Georgia","Jul","Control",2020
"Georgia","Aug","Control",2020
"Georgia","Sep","Control",2020
"Georgia","Oct","Control",2020
"Georgia","Nov","Control",2020
"Georgia","Dec","Control",2020
"Georgia","Jan","Control",2021
"Georgia","Feb","Control",2021
"Georgia","Mar","Control",2021
"Georgia","Apr","Control",2021
"Georgia","May","Control",2021
"Georgia","Jun","Control",2021
"Georgia","Jul","Control",2021
"Georgia","Aug","Control",2021
"Georgia","Sep","Control",2021
"Georgia","Oct","Control",2021
"Georgia","Nov","Control",2021
"Georgia","Dec","Control",2021
"Georgia","Jan","Control",2022
"Georgia","Feb","Control",2022
"Georgia","Mar","Control",2022
"Georgia","Apr","Control",2022
"Georgia","May","Control",2022
"Georgia","Jun","Control",2022
"Georgia","Jul","Control",2022
"Georgia","Aug","Control",2022
"Georgia","Sep","Control",2022
"Georgia","Oct","Control",2022
"Georgia","Nov","Control",2022
"Georgia","Dec","Control",2022
"Georgia","Jan","Control",2023
"Georgia","Feb","Ban",2023
"Georgia","Mar","Ban",2023
"Georgia","Apr","Ban",2023
"Georgia","May","Ban",2023
"Georgia","Jun","Ban",2023
"Georgia","Jul","Ban",2023
"Georgia","Aug","Ban",2023
"Georgia","Sep","Ban",2023
"Georgia","Oct","Ban",2023
"Georgia","Nov","Ban",2023
"Georgia","Dec","Ban",2023
"Georgia","Jan","Ban",2024
"Georgia","Feb","Ban",2024
"Georgia","Mar","Ban",2024
"Georgia","Apr","Ban",2024
"Hawaii","Jan","Control",2020
"Hawaii","Feb","Control",2020
"Hawaii","Mar","Control",2020
"Hawaii","Apr","Control",2020
"Hawaii","May","Control",2020
"Hawaii","Jun","Control",2020
"Hawaii","Jul","Control",2020
"Hawaii","Aug","Control",2020
"Hawaii","Sep","Control",2020
"Hawaii","Oct","Control",2020
"Hawaii","Nov","Control",2020
"Hawaii","Dec","Control",2020
"Hawaii","Jan","Control",2021
"Hawaii","Feb","Control",2021
"Hawaii","Mar","Control",2021
"Hawaii","Apr","Control",2021
"Hawaii","May","Control",2021
"Hawaii","Jun","Control",2021
"Hawaii","Jul","Control",2021
"Hawaii","Aug","Control",2021
"Hawaii","Sep","Control",2021
"Hawaii","Oct","Control",2021
"Hawaii","Nov","Control",2021
"Hawaii","Dec","Control",2021
"Hawaii","Jan","Control",2022
"Hawaii","Feb","Control",2022
"Hawaii","Mar","Control",2022
"Hawaii","Apr","Control",2022
"Hawaii","May","Control",2022
"Hawaii","Jun","Control",2022
"Hawaii","Jul","Control",2022
"Hawaii","Aug","Control",2022
"Hawaii","Sep","Control",2022
"Hawaii","Oct","Control",2022
"Hawaii","Nov","Control",2022
"Hawaii","Dec","Control",2022
"Hawaii","Jan","Control",2023
"Hawaii","Feb","Control",2023
"Hawaii","Mar","Control",2023
"Hawaii","Apr","Control",2023
"Hawaii","May","Control",2023
"Hawaii","Jun","Control",2023
"Hawaii","Jul","Control",2023
"Hawaii","Aug","Control",2023
"Hawaii","Sep","Control",2023
"Hawaii","Oct","Control",2023
"Hawaii","Nov","Control",2023
"Hawaii","Dec","Control",2023
"Hawaii","Jan","Control",2024
"Hawaii","Feb","Control",2024
"Hawaii","Mar","Control",2024
"Hawaii","Apr","Control",2024
"Idaho","Jan","Control",2020
"Idaho","Feb","Control",2020
"Idaho","Mar","Control",2020
"Idaho","Apr","Control",2020
"Idaho","May","Control",2020
"Idaho","Jun","Control",2020
"Idaho","Jul","Control",2020
"Idaho","Aug","Control",2020
"Idaho","Sep","Control",2020
"Idaho","Oct","Control",2020
"Idaho","Nov","Control",2020
"Idaho","Dec","Control",2020
"Idaho","Jan","Control",2021
"Idaho","Feb","Control",2021
"Idaho","Mar","Control",2021
"Idaho","Apr","Control",2021
"Idaho","May","Control",2021
"Idaho","Jun","Control",2021
"Idaho","Jul","Control",2021
"Idaho","Aug","Control",2021
"Idaho","Sep","Control",2021
"Idaho","Oct","Control",2021
"Idaho","Nov","Control",2021
"Idaho","Dec","Control",2021
"Idaho","Jan","Control",2022
"Idaho","Feb","Control",2022
"Idaho","Mar","Control",2022
"Idaho","Apr","Control",2022
"Idaho","May","Control",2022
"Idaho","Jun","Control",2022
"Idaho","Jul","Control",2022
"Idaho","Aug","Control",2022
"Idaho","Sep","Control",2022
"Idaho","Oct","Control",2022
"Idaho","Nov","Control",2022
"Idaho","Dec","Control",2022
"Idaho","Jan","Control",2023
"Idaho","Feb","Control",2023
"Idaho","Mar","Ban",2023
"Idaho","Apr","Ban",2023
"Idaho","May","Ban",2023
"Idaho","Jun","Ban",2023
"Idaho","Jul","Ban",2023
"Idaho","Aug","Ban",2023
"Idaho","Sep","Ban",2023
"Idaho","Oct","Ban",2023
"Idaho","Nov","Ban",2023
"Idaho","Dec","Ban",2023
"Idaho","Jan","Ban",2024
"Idaho","Feb","Ban",2024
"Idaho","Mar","Ban",2024
"Idaho","Apr","Ban",2024
"Illinois","Jan","Control",2020
"Illinois","Feb","Control",2020
"Illinois","Mar","Control",2020
"Illinois","Apr","Control",2020
"Illinois","May","Control",2020
"Illinois","Jun","Control",2020
"Illinois","Jul","Control",2020
"Illinois","Aug","Control",2020
"Illinois","Sep","Control",2020
"Illinois","Oct","Control",2020
"Illinois","Nov","Control",2020
"Illinois","Dec","Control",2020
"Illinois","Jan","Control",2021
"Illinois","Feb","Control",2021
"Illinois","Mar","Control",2021
"Illinois","Apr","Control",2021
"Illinois","May","Control",2021
"Illinois","Jun","Control",2021
"Illinois","Jul","Control",2021
"Illinois","Aug","Control",2021
"Illinois","Sep","Control",2021
"Illinois","Oct","Control",2021
"Illinois","Nov","Control",2021
"Illinois","Dec","Control",2021
"Illinois","Jan","Control",2022
"Illinois","Feb","Control",2022
"Illinois","Mar","Control",2022
"Illinois","Apr","Control",2022
"Illinois","May","Control",2022
"Illinois","Jun","Control",2022
"Illinois","Jul","Control",2022
"Illinois","Aug","Control",2022
"Illinois","Sep","Control",2022
"Illinois","Oct","Control",2022
"Illinois","Nov","Control",2022
"Illinois","Dec","Control",2022
"Illinois","Jan","Control",2023
"Illinois","Feb","Control",2023
"Illinois","Mar","Control",2023
"Illinois","Apr","Control",2023
"Illinois","May","Control",2023
"Illinois","Jun","Control",2023
"Illinois","Jul","Control",2023
"Illinois","Aug","Control",2023
"Illinois","Sep","Control",2023
"Illinois","Oct","Control",2023
"Illinois","Nov","Control",2023
"Illinois","Dec","Control",2023
"Illinois","Jan","Control",2024
"Illinois","Feb","Control",2024
"Illinois","Mar","Control",2024
"Illinois","Apr","Control",2024
"Indiana","Jan","Control",2020
"Indiana","Feb","Control",2020
"Indiana","Mar","Control",2020
"Indiana","Apr","Control",2020
"Indiana","May","Control",2020
"Indiana","Jun","Control",2020
"Indiana","Jul","Control",2020
"Indiana","Aug","Control",2020
"Indiana","Sep","Control",2020
"Indiana","Oct","Control",2020
"Indiana","Nov","Control",2020
"Indiana","Dec","Control",2020
"Indiana","Jan","Control",2021
"Indiana","Feb","Control",2021
"Indiana","Mar","Control",2021
"Indiana","Apr","Control",2021
"Indiana","May","Control",2021
"Indiana","Jun","Control",2021
"Indiana","Jul","Control",2021
"Indiana","Aug","Control",2021
"Indiana","Sep","Control",2021
"Indiana","Oct","Control",2021
"Indiana","Nov","Control",2021
"Indiana","Dec","Control",2021
"Indiana","Jan","Control",2022
"Indiana","Feb","Control",2022
"Indiana","Mar","Control",2022
"Indiana","Apr","Control",2022
"Indiana","May","Control",2022
"Indiana","Jun","Control",2022
"Indiana","Jul","Control",2022
"Indiana","Aug","Control",2022
"Indiana","Sep","Control",2022
"Indiana","Oct","Control",2022
"Indiana","Nov","Control",2022
"Indiana","Dec","Control",2022
"Indiana","Jan","Control",2023
"Indiana","Feb","Control",2023
"Indiana","Mar","Control",2023
"Indiana","Apr","Control",2023
"Indiana","May","Control",2023
"Indiana","Jun","Control",2023
"Indiana","Jul","Control",2023
"Indiana","Aug","Control",2023
"Indiana","Sep","Control",2023
"Indiana","Oct","Control",2023
"Indiana","Nov","Control",2023
"Indiana","Dec","Control",2023
"Indiana","Jan","Control",2024
"Indiana","Feb","Ban",2024
"Indiana","Mar","Ban",2024
"Indiana","Apr","Ban",2024
"Iowa","Jan","Control",2020
"Iowa","Feb","Control",2020
"Iowa","Mar","Control",2020
"Iowa","Apr","Control",2020
"Iowa","May","Control",2020
"Iowa","Jun","Control",2020
"Iowa","Jul","Control",2020
"Iowa","Aug","Control",2020
"Iowa","Sep","Control",2020
"Iowa","Oct","Control",2020
"Iowa","Nov","Control",2020
"Iowa","Dec","Control",2020
"Iowa","Jan","Control",2021
"Iowa","Feb","Control",2021
"Iowa","Mar","Control",2021
"Iowa","Apr","Control",2021
"Iowa","May","Control",2021
"Iowa","Jun","Control",2021
"Iowa","Jul","Control",2021
"Iowa","Aug","Control",2021
"Iowa","Sep","Control",2021
"Iowa","Oct","Control",2021
"Iowa","Nov","Control",2021
"Iowa","Dec","Control",2021
"Iowa","Jan","Control",2022
"Iowa","Feb","Control",2022
"Iowa","Mar","Control",2022
"Iowa","Apr","Control",2022
"Iowa","May","Control",2022
"Iowa","Jun","Control",2022
"Iowa","Jul","Control",2022
"Iowa","Aug","Control",2022
"Iowa","Sep","Control",2022
"Iowa","Oct","Control",2022
"Iowa","Nov","Control",2022
"Iowa","Dec","Control",2022
"Iowa","Jan","Control",2023
"Iowa","Feb","Control",2023
"Iowa","Mar","Control",2023
"Iowa","Apr","Control",2023
"Iowa","May","Control",2023
"Iowa","Jun","Control",2023
"Iowa","Jul","Control",2023
"Iowa","Aug","Control",2023
"Iowa","Sep","Control",2023
"Iowa","Oct","Control",2023
"Iowa","Nov","Control",2023
"Iowa","Dec","Control",2023
"Iowa","Jan","Control",2024
"Iowa","Feb","Control",2024
"Iowa","Mar","Control",2024
"Iowa","Apr","Control",2024
"Kansas","Jan","Control",2020
"Kansas","Feb","Control",2020
"Kansas","Mar","Control",2020
"Kansas","Apr","Control",2020
"Kansas","May","Control",2020
"Kansas","Jun","Control",2020
"Kansas","Jul","Control",2020
"Kansas","Aug","Control",2020
"Kansas","Sep","Control",2020
"Kansas","Oct","Control",2020
"Kansas","Nov","Control",2020
"Kansas","Dec","Control",2020
"Kansas","Jan","Control",2021
"Kansas","Feb","Control",2021
"Kansas","Mar","Control",2021
"Kansas","Apr","Control",2021
"Kansas","May","Control",2021
"Kansas","Jun","Control",2021
"Kansas","Jul","Control",2021
"Kansas","Aug","Control",2021
"Kansas","Sep","Control",2021
"Kansas","Oct","Control",2021
"Kansas","Nov","Control",2021
"Kansas","Dec","Control",2021
"Kansas","Jan","Control",2022
"Kansas","Feb","Control",2022
"Kansas","Mar","Control",2022
"Kansas","Apr","Control",2022
"Kansas","May","Control",2022
"Kansas","Jun","Control",2022
"Kansas","Jul","Control",2022
"Kansas","Aug","Control",2022
"Kansas","Sep","Control",2022
"Kansas","Oct","Control",2022
"Kansas","Nov","Control",2022
"Kansas","Dec","Control",2022
"Kansas","Jan","Control",2023
"Kansas","Feb","Control",2023
"Kansas","Mar","Control",2023
"Kansas","Apr","Control",2023
"Kansas","May","Control",2023
"Kansas","Jun","Control",2023
"Kansas","Jul","Control",2023
"Kansas","Aug","Control",2023
"Kansas","Sep","Control",2023
"Kansas","Oct","Control",2023
"Kansas","Nov","Control",2023
"Kansas","Dec","Control",2023
"Kansas","Jan","Control",2024
"Kansas","Feb","Control",2024
"Kansas","Mar","Control",2024
"Kansas","Apr","Control",2024
"Kentucky","Jan","Control",2020
"Kentucky","Feb","Control",2020
"Kentucky","Mar","Control",2020
"Kentucky","Apr","Control",2020
"Kentucky","May","Control",2020
"Kentucky","Jun","Control",2020
"Kentucky","Jul","Control",2020
"Kentucky","Aug","Control",2020
"Kentucky","Sep","Control",2020
"Kentucky","Oct","Control",2020
"Kentucky","Nov","Control",2020
"Kentucky","Dec","Control",2020
"Kentucky","Jan","Control",2021
"Kentucky","Feb","Control",2021
"Kentucky","Mar","Control",2021
"Kentucky","Apr","Control",2021
"Kentucky","May","Control",2021
"Kentucky","Jun","Control",2021
"Kentucky","Jul","Control",2021
"Kentucky","Aug","Control",2021
"Kentucky","Sep","Control",2021
"Kentucky","Oct","Control",2021
"Kentucky","Nov","Control",2021
"Kentucky","Dec","Control",2021
"Kentucky","Jan","Control",2022
"Kentucky","Feb","Control",2022
"Kentucky","Mar","Control",2022
"Kentucky","Apr","Control",2022
"Kentucky","May","Control",2022
"Kentucky","Jun","Control",2022
"Kentucky","Jul","Control",2022
"Kentucky","Aug","Control",2022
"Kentucky","Sep","Control",2022
"Kentucky","Oct","Control",2022
"Kentucky","Nov","Control",2022
"Kentucky","Dec","Control",2022
"Kentucky","Jan","Control",2023
"Kentucky","Feb","Ban",2023
"Kentucky","Mar","Ban",2023
"Kentucky","Apr","Ban",2023
"Kentucky","May","Ban",2023
"Kentucky","Jun","Ban",2023
"Kentucky","Jul","Ban",2023
"Kentucky","Aug","Ban",2023
"Kentucky","Sep","Ban",2023
"Kentucky","Oct","Ban",2023
"Kentucky","Nov","Ban",2023
"Kentucky","Dec","Ban",2023
"Kentucky","Jan","Ban",2024
"Kentucky","Feb","Ban",2024
"Kentucky","Mar","Ban",2024
"Kentucky","Apr","Ban",2024
"Louisiana","Jan","Control",2020
"Louisiana","Feb","Control",2020
"Louisiana","Mar","Control",2020
"Louisiana","Apr","Control",2020
"Louisiana","May","Control",2020
"Louisiana","Jun","Control",2020
"Louisiana","Jul","Control",2020
"Louisiana","Aug","Control",2020
"Louisiana","Sep","Control",2020
"Louisiana","Oct","Control",2020
"Louisiana","Nov","Control",2020
"Louisiana","Dec","Control",2020
"Louisiana","Jan","Control",2021
"Louisiana","Feb","Control",2021
"Louisiana","Mar","Control",2021
"Louisiana","Apr","Control",2021
"Louisiana","May","Control",2021
"Louisiana","Jun","Control",2021
"Louisiana","Jul","Control",2021
"Louisiana","Aug","Control",2021
"Louisiana","Sep","Control",2021
"Louisiana","Oct","Control",2021
"Louisiana","Nov","Control",2021
"Louisiana","Dec","Control",2021
"Louisiana","Jan","Control",2022
"Louisiana","Feb","Control",2022
"Louisiana","Mar","Control",2022
"Louisiana","Apr","Control",2022
"Louisiana","May","Control",2022
"Louisiana","Jun","Control",2022
"Louisiana","Jul","Control",2022
"Louisiana","Aug","Control",2022
"Louisiana","Sep","Control",2022
"Louisiana","Oct","Control",2022
"Louisiana","Nov","Control",2022
"Louisiana","Dec","Control",2022
"Louisiana","Jan","Ban",2023
"Louisiana","Feb","Ban",2023
"Louisiana","Mar","Ban",2023
"Louisiana","Apr","Ban",2023
"Louisiana","May","Ban",2023
"Louisiana","Jun","Ban",2023
"Louisiana","Jul","Ban",2023
"Louisiana","Aug","Ban",2023
"Louisiana","Sep","Ban",2023
"Louisiana","Oct","Ban",2023
"Louisiana","Nov","Ban",2023
"Louisiana","Dec","Ban",2023
"Louisiana","Jan","Ban",2024
"Louisiana","Feb","Ban",2024
"Louisiana","Mar","Ban",2024
"Louisiana","Apr","Ban",2024
"Maine","Jan","Control",2020
"Maine","Feb","Control",2020
"Maine","Mar","Control",2020
"Maine","Apr","Control",2020
"Maine","May","Control",2020
"Maine","Jun","Control",2020
"Maine","Jul","Control",2020
"Maine","Aug","Control",2020
"Maine","Sep","Control",2020
"Maine","Oct","Control",2020
"Maine","Nov","Control",2020
"Maine","Dec","Control",2020
"Maine","Jan","Control",2021
"Maine","Feb","Control",2021
"Maine","Mar","Control",2021
"Maine","Apr","Control",2021
"Maine","May","Control",2021
"Maine","Jun","Control",2021
"Maine","Jul","Control",2021
"Maine","Aug","Control",2021
"Maine","Sep","Control",2021
"Maine","Oct","Control",2021
"Maine","Nov","Control",2021
"Maine","Dec","Control",2021
"Maine","Jan","Control",2022
"Maine","Feb","Control",2022
"Maine","Mar","Control",2022
"Maine","Apr","Control",2022
"Maine","May","Control",2022
"Maine","Jun","Control",2022
"Maine","Jul","Control",2022
"Maine","Aug","Control",2022
"Maine","Sep","Control",2022
"Maine","Oct","Control",2022
"Maine","Nov","Control",2022
"Maine","Dec","Control",2022
"Maine","Jan","Control",2023
"Maine","Feb","Control",2023
"Maine","Mar","Control",2023
"Maine","Apr","Control",2023
"Maine","May","Control",2023
"Maine","Jun","Control",2023
"Maine","Jul","Control",2023
"Maine","Aug","Control",2023
"Maine","Sep","Control",2023
"Maine","Oct","Control",2023
"Maine","Nov","Control",2023
"Maine","Dec","Control",2023
"Maine","Jan","Control",2024
"Maine","Feb","Control",2024
"Maine","Mar","Control",2024
"Maine","Apr","Control",2024
"Maryland","Jan","Control",2020
"Maryland","Feb","Control",2020
"Maryland","Mar","Control",2020
"Maryland","Apr","Control",2020
"Maryland","May","Control",2020
"Maryland","Jun","Control",2020
"Maryland","Jul","Control",2020
"Maryland","Aug","Control",2020
"Maryland","Sep","Control",2020
"Maryland","Oct","Control",2020
"Maryland","Nov","Control",2020
"Maryland","Dec","Control",2020
"Maryland","Jan","Control",2021
"Maryland","Feb","Control",2021
"Maryland","Mar","Control",2021
"Maryland","Apr","Control",2021
"Maryland","May","Control",2021
"Maryland","Jun","Control",2021
"Maryland","Jul","Control",2021
"Maryland","Aug","Control",2021
"Maryland","Sep","Control",2021
"Maryland","Oct","Control",2021
"Maryland","Nov","Control",2021
"Maryland","Dec","Control",2021
"Maryland","Jan","Control",2022
"Maryland","Feb","Control",2022
"Maryland","Mar","Control",2022
"Maryland","Apr","Control",2022
"Maryland","May","Control",2022
"Maryland","Jun","Control",2022
"Maryland","Jul","Control",2022
"Maryland","Aug","Control",2022
"Maryland","Sep","Control",2022
"Maryland","Oct","Control",2022
"Maryland","Nov","Control",2022
"Maryland","Dec","Control",2022
"Maryland","Jan","Control",2023
"Maryland","Feb","Control",2023
"Maryland","Mar","Control",2023
"Maryland","Apr","Control",2023
"Maryland","May","Control",2023
"Maryland","Jun","Control",2023
"Maryland","Jul","Control",2023
"Maryland","Aug","Control",2023
"Maryland","Sep","Control",2023
"Maryland","Oct","Control",2023
"Maryland","Nov","Control",2023
"Maryland","Dec","Control",2023
"Maryland","Jan","Control",2024
"Maryland","Feb","Control",2024
"Maryland","Mar","Control",2024
"Maryland","Apr","Control",2024
"Massachusetts","Jan","Control",2020
"Massachusetts","Feb","Control",2020
"Massachusetts","Mar","Control",2020
"Massachusetts","Apr","Control",2020
"Massachusetts","May","Control",2020
"Massachusetts","Jun","Control",2020
"Massachusetts","Jul","Control",2020
"Massachusetts","Aug","Control",2020
"Massachusetts","Sep","Control",2020
"Massachusetts","Oct","Control",2020
"Massachusetts","Nov","Control",2020
"Massachusetts","Dec","Control",2020
"Massachusetts","Jan","Control",2021
"Massachusetts","Feb","Control",2021
"Massachusetts","Mar","Control",2021
"Massachusetts","Apr","Control",2021
"Massachusetts","May","Control",2021
"Massachusetts","Jun","Control",2021
"Massachusetts","Jul","Control",2021
"Massachusetts","Aug","Control",2021
"Massachusetts","Sep","Control",2021
"Massachusetts","Oct","Control",2021
"Massachusetts","Nov","Control",2021
"Massachusetts","Dec","Control",2021
"Massachusetts","Jan","Control",2022
"Massachusetts","Feb","Control",2022
"Massachusetts","Mar","Control",2022
"Massachusetts","Apr","Control",2022
"Massachusetts","May","Control",2022
"Massachusetts","Jun","Control",2022
"Massachusetts","Jul","Control",2022
"Massachusetts","Aug","Control",2022
"Massachusetts","Sep","Control",2022
"Massachusetts","Oct","Control",2022
"Massachusetts","Nov","Control",2022
"Massachusetts","Dec","Control",2022
"Massachusetts","Jan","Control",2023
"Massachusetts","Feb","Control",2023
"Massachusetts","Mar","Control",2023
"Massachusetts","Apr","Control",2023
"Massachusetts","May","Control",2023
"Massachusetts","Jun","Control",2023
"Massachusetts","Jul","Control",2023
"Massachusetts","Aug","Control",2023
"Massachusetts","Sep","Control",2023
"Massachusetts","Oct","Control",2023
"Massachusetts","Nov","Control",2023
"Massachusetts","Dec","Control",2023
"Massachusetts","Jan","Control",2024
"Massachusetts","Feb","Control",2024
"Massachusetts","Mar","Control",2024
"Massachusetts","Apr","Control",2024
"Michigan","Jan","Control",2020
"Michigan","Feb","Control",2020
"Michigan","Mar","Control",2020
"Michigan","Apr","Control",2020
"Michigan","May","Control",2020
"Michigan","Jun","Control",2020
"Michigan","Jul","Control",2020
"Michigan","Aug","Control",2020
"Michigan","Sep","Control",2020
"Michigan","Oct","Control",2020
"Michigan","Nov","Control",2020
"Michigan","Dec","Control",2020
"Michigan","Jan","Control",2021
"Michigan","Feb","Control",2021
"Michigan","Mar","Control",2021
"Michigan","Apr","Control",2021
"Michigan","May","Control",2021
"Michigan","Jun","Control",2021
"Michigan","Jul","Control",2021
"Michigan","Aug","Control",2021
"Michigan","Sep","Control",2021
"Michigan","Oct","Control",2021
"Michigan","Nov","Control",2021
"Michigan","Dec","Control",2021
"Michigan","Jan","Control",2022
"Michigan","Feb","Control",2022
"Michigan","Mar","Control",2022
"Michigan","Apr","Control",2022
"Michigan","May","Control",2022
"Michigan","Jun","Control",2022
"Michigan","Jul","Control",2022
"Michigan","Aug","Control",2022
"Michigan","Sep","Control",2022
"Michigan","Oct","Control",2022
"Michigan","Nov","Control",2022
"Michigan","Dec","Control",2022
"Michigan","Jan","Control",2023
"Michigan","Feb","Control",2023
"Michigan","Mar","Control",2023
"Michigan","Apr","Control",2023
"Michigan","May","Control",2023
"Michigan","Jun","Control",2023
"Michigan","Jul","Control",2023
"Michigan","Aug","Control",2023
"Michigan","Sep","Control",2023
"Michigan","Oct","Control",2023
"Michigan","Nov","Control",2023
"Michigan","Dec","Control",2023
"Michigan","Jan","Control",2024
"Michigan","Feb","Control",2024
"Michigan","Mar","Control",2024
"Michigan","Apr","Control",2024
"Minnesota","Jan","Control",2020
"Minnesota","Feb","Control",2020
"Minnesota","Mar","Control",2020
"Minnesota","Apr","Control",2020
"Minnesota","May","Control",2020
"Minnesota","Jun","Control",2020
"Minnesota","Jul","Control",2020
"Minnesota","Aug","Control",2020
"Minnesota","Sep","Control",2020
"Minnesota","Oct","Control",2020
"Minnesota","Nov","Control",2020
"Minnesota","Dec","Control",2020
"Minnesota","Jan","Control",2021
"Minnesota","Feb","Control",2021
"Minnesota","Mar","Control",2021
"Minnesota","Apr","Control",2021
"Minnesota","May","Control",2021
"Minnesota","Jun","Control",2021
"Minnesota","Jul","Control",2021
"Minnesota","Aug","Control",2021
"Minnesota","Sep","Control",2021
"Minnesota","Oct","Control",2021
"Minnesota","Nov","Control",2021
"Minnesota","Dec","Control",2021
"Minnesota","Jan","Control",2022
"Minnesota","Feb","Control",2022
"Minnesota","Mar","Control",2022
"Minnesota","Apr","Control",2022
"Minnesota","May","Control",2022
"Minnesota","Jun","Control",2022
"Minnesota","Jul","Control",2022
"Minnesota","Aug","Control",2022
"Minnesota","Sep","Control",2022
"Minnesota","Oct","Control",2022
"Minnesota","Nov","Control",2022
"Minnesota","Dec","Control",2022
"Minnesota","Jan","Control",2023
"Minnesota","Feb","Control",2023
"Minnesota","Mar","Control",2023
"Minnesota","Apr","Control",2023
"Minnesota","May","Control",2023
"Minnesota","Jun","Control",2023
"Minnesota","Jul","Control",2023
"Minnesota","Aug","Control",2023
"Minnesota","Sep","Control",2023
"Minnesota","Oct","Control",2023
"Minnesota","Nov","Control",2023
"Minnesota","Dec","Control",2023
"Minnesota","Jan","Control",2024
"Minnesota","Feb","Control",2024
"Minnesota","Mar","Control",2024
"Minnesota","Apr","Control",2024
"Mississippi","Jan","Control",2020
"Mississippi","Feb","Control",2020
"Mississippi","Mar","Control",2020
"Mississippi","Apr","Control",2020
"Mississippi","May","Control",2020
"Mississippi","Jun","Control",2020
"Mississippi","Jul","Control",2020
"Mississippi","Aug","Control",2020
"Mississippi","Sep","Control",2020
"Mississippi","Oct","Control",2020
"Mississippi","Nov","Control",2020
"Mississippi","Dec","Control",2020
"Mississippi","Jan","Control",2021
"Mississippi","Feb","Control",2021
"Mississippi","Mar","Control",2021
"Mississippi","Apr","Control",2021
"Mississippi","May","Control",2021
"Mississippi","Jun","Control",2021
"Mississippi","Jul","Control",2021
"Mississippi","Aug","Control",2021
"Mississippi","Sep","Control",2021
"Mississippi","Oct","Control",2021
"Mississippi","Nov","Control",2021
"Mississippi","Dec","Control",2021
"Mississippi","Jan","Control",2022
"Mississippi","Feb","Control",2022
"Mississippi","Mar","Control",2022
"Mississippi","Apr","Control",2022
"Mississippi","May","Control",2022
"Mississippi","Jun","Control",2022
"Mississippi","Jul","Control",2022
"Mississippi","Aug","Control",2022
"Mississippi","Sep","Control",2022
"Mississippi","Oct","Control",2022
"Mississippi","Nov","Control",2022
"Mississippi","Dec","Control",2022
"Mississippi","Jan","Ban",2023
"Mississippi","Feb","Ban",2023
"Mississippi","Mar","Ban",2023
"Mississippi","Apr","Ban",2023
"Mississippi","May","Ban",2023
"Mississippi","Jun","Ban",2023
"Mississippi","Jul","Ban",2023
"Mississippi","Aug","Ban",2023
"Mississippi","Sep","Ban",2023
"Mississippi","Oct","Ban",2023
"Mississippi","Nov","Ban",2023
"Mississippi","Dec","Ban",2023
"Mississippi","Jan","Ban",2024
"Mississippi","Feb","Ban",2024
"Mississippi","Mar","Ban",2024
"Mississippi","Apr","Ban",2024
"Missouri","Jan","Control",2020
"Missouri","Feb","Control",2020
"Missouri","Mar","Control",2020
"Missouri","Apr","Control",2020
"Missouri","May","Control",2020
"Missouri","Jun","Control",2020
"Missouri","Jul","Control",2020
"Missouri","Aug","Control",2020
"Missouri","Sep","Control",2020
"Missouri","Oct","Control",2020
"Missouri","Nov","Control",2020
"Missouri","Dec","Control",2020
"Missouri","Jan","Control",2021
"Missouri","Feb","Control",2021
"Missouri","Mar","Control",2021
"Missouri","Apr","Control",2021
"Missouri","May","Control",2021
"Missouri","Jun","Control",2021
"Missouri","Jul","Control",2021
"Missouri","Aug","Control",2021
"Missouri","Sep","Control",2021
"Missouri","Oct","Control",2021
"Missouri","Nov","Control",2021
"Missouri","Dec","Control",2021
"Missouri","Jan","Control",2022
"Missouri","Feb","Control",2022
"Missouri","Mar","Control",2022
"Missouri","Apr","Control",2022
"Missouri","May","Control",2022
"Missouri","Jun","Control",2022
"Missouri","Jul","Control",2022
"Missouri","Aug","Control",2022
"Missouri","Sep","Control",2022
"Missouri","Oct","Control",2022
"Missouri","Nov","Control",2022
"Missouri","Dec","Control",2022
"Missouri","Jan","Ban",2023
"Missouri","Feb","Ban",2023
"Missouri","Mar","Ban",2023
"Missouri","Apr","Ban",2023
"Missouri","May","Ban",2023
"Missouri","Jun","Ban",2023
"Missouri","Jul","Ban",2023
"Missouri","Aug","Ban",2023
"Missouri","Sep","Ban",2023
"Missouri","Oct","Ban",2023
"Missouri","Nov","Ban",2023
"Missouri","Dec","Ban",2023
"Missouri","Jan","Ban",2024
"Missouri","Feb","Ban",2024
"Missouri","Mar","Ban",2024
"Missouri","Apr","Ban",2024
"Montana","Jan","Control",2020
"Montana","Feb","Control",2020
"Montana","Mar","Control",2020
"Montana","Apr","Control",2020
"Montana","May","Control",2020
"Montana","Jun","Control",2020
"Montana","Jul","Control",2020
"Montana","Aug","Control",2020
"Montana","Sep","Control",2020
"Montana","Oct","Control",2020
"Montana","Nov","Control",2020
"Montana","Dec","Control",2020
"Montana","Jan","Control",2021
"Montana","Feb","Control",2021
"Montana","Mar","Control",2021
"Montana","Apr","Control",2021
"Montana","May","Control",2021
"Montana","Jun","Control",2021
"Montana","Jul","Control",2021
"Montana","Aug","Control",2021
"Montana","Sep","Control",2021
"Montana","Oct","Control",2021
"Montana","Nov","Control",2021
"Montana","Dec","Control",2021
"Montana","Jan","Control",2022
"Montana","Feb","Control",2022
"Montana","Mar","Control",2022
"Montana","Apr","Control",2022
"Montana","May","Control",2022
"Montana","Jun","Control",2022
"Montana","Jul","Control",2022
"Montana","Aug","Control",2022
"Montana","Sep","Control",2022
"Montana","Oct","Control",2022
"Montana","Nov","Control",2022
"Montana","Dec","Control",2022
"Montana","Jan","Control",2023
"Montana","Feb","Control",2023
"Montana","Mar","Control",2023
"Montana","Apr","Control",2023
"Montana","May","Control",2023
"Montana","Jun","Control",2023
"Montana","Jul","Control",2023
"Montana","Aug","Control",2023
"Montana","Sep","Control",2023
"Montana","Oct","Control",2023
"Montana","Nov","Control",2023
"Montana","Dec","Control",2023
"Montana","Jan","Control",2024
"Montana","Feb","Control",2024
"Montana","Mar","Control",2024
"Montana","Apr","Control",2024
"Nebraska","Jan","Control",2020
"Nebraska","Feb","Control",2020
"Nebraska","Mar","Control",2020
"Nebraska","Apr","Control",2020
"Nebraska","May","Control",2020
"Nebraska","Jun","Control",2020
"Nebraska","Jul","Control",2020
"Nebraska","Aug","Control",2020
"Nebraska","Sep","Control",2020
"Nebraska","Oct","Control",2020
"Nebraska","Nov","Control",2020
"Nebraska","Dec","Control",2020
"Nebraska","Jan","Control",2021
"Nebraska","Feb","Control",2021
"Nebraska","Mar","Control",2021
"Nebraska","Apr","Control",2021
"Nebraska","May","Control",2021
"Nebraska","Jun","Control",2021
"Nebraska","Jul","Control",2021
"Nebraska","Aug","Control",2021
"Nebraska","Sep","Control",2021
"Nebraska","Oct","Control",2021
"Nebraska","Nov","Control",2021
"Nebraska","Dec","Control",2021
"Nebraska","Jan","Control",2022
"Nebraska","Feb","Control",2022
"Nebraska","Mar","Control",2022
"Nebraska","Apr","Control",2022
"Nebraska","May","Control",2022
"Nebraska","Jun","Control",2022
"Nebraska","Jul","Control",2022
"Nebraska","Aug","Control",2022
"Nebraska","Sep","Control",2022
"Nebraska","Oct","Control",2022
"Nebraska","Nov","Control",2022
"Nebraska","Dec","Control",2022
"Nebraska","Jan","Control",2023
"Nebraska","Feb","Control",2023
"Nebraska","Mar","Control",2023
"Nebraska","Apr","Control",2023
"Nebraska","May","Control",2023
"Nebraska","Jun","Control",2023
"Nebraska","Jul","Control",2023
"Nebraska","Aug","Control",2023
"Nebraska","Sep","Control",2023
"Nebraska","Oct","Control",2023
"Nebraska","Nov","Control",2023
"Nebraska","Dec","Ban",2023
"Nebraska","Jan","Ban",2024
"Nebraska","Feb","Ban",2024
"Nebraska","Mar","Ban",2024
"Nebraska","Apr","Ban",2024
"Nevada","Jan","Control",2020
"Nevada","Feb","Control",2020
"Nevada","Mar","Control",2020
"Nevada","Apr","Control",2020
"Nevada","May","Control",2020
"Nevada","Jun","Control",2020
"Nevada","Jul","Control",2020
"Nevada","Aug","Control",2020
"Nevada","Sep","Control",2020
"Nevada","Oct","Control",2020
"Nevada","Nov","Control",2020
"Nevada","Dec","Control",2020
"Nevada","Jan","Control",2021
"Nevada","Feb","Control",2021
"Nevada","Mar","Control",2021
"Nevada","Apr","Control",2021
"Nevada","May","Control",2021
"Nevada","Jun","Control",2021
"Nevada","Jul","Control",2021
"Nevada","Aug","Control",2021
"Nevada","Sep","Control",2021
"Nevada","Oct","Control",2021
"Nevada","Nov","Control",2021
"Nevada","Dec","Control",2021
"Nevada","Jan","Control",2022
"Nevada","Feb","Control",2022
"Nevada","Mar","Control",2022
"Nevada","Apr","Control",2022
"Nevada","May","Control",2022
"Nevada","Jun","Control",2022
"Nevada","Jul","Control",2022
"Nevada","Aug","Control",2022
"Nevada","Sep","Control",2022
"Nevada","Oct","Control",2022
"Nevada","Nov","Control",2022
"Nevada","Dec","Control",2022
"Nevada","Jan","Control",2023
"Nevada","Feb","Control",2023
"Nevada","Mar","Control",2023
"Nevada","Apr","Control",2023
"Nevada","May","Control",2023
"Nevada","Jun","Control",2023
"Nevada","Jul","Control",2023
"Nevada","Aug","Control",2023
"Nevada","Sep","Control",2023
"Nevada","Oct","Control",2023
"Nevada","Nov","Control",2023
"Nevada","Dec","Control",2023
"Nevada","Jan","Control",2024
"Nevada","Feb","Control",2024
"Nevada","Mar","Control",2024
"Nevada","Apr","Control",2024
"New Hampshire","Jan","Control",2020
"New Hampshire","Feb","Control",2020
"New Hampshire","Mar","Control",2020
"New Hampshire","Apr","Control",2020
"New Hampshire","May","Control",2020
"New Hampshire","Jun","Control",2020
"New Hampshire","Jul","Control",2020
"New Hampshire","Aug","Control",2020
"New Hampshire","Sep","Control",2020
"New Hampshire","Oct","Control",2020
"New Hampshire","Nov","Control",2020
"New Hampshire","Dec","Control",2020
"New Hampshire","Jan","Control",2021
"New Hampshire","Feb","Control",2021
"New Hampshire","Mar","Control",2021
"New Hampshire","Apr","Control",2021
"New Hampshire","May","Control",2021
"New Hampshire","Jun","Control",2021
"New Hampshire","Jul","Control",2021
"New Hampshire","Aug","Control",2021
"New Hampshire","Sep","Control",2021
"New Hampshire","Oct","Control",2021
"New Hampshire","Nov","Control",2021
"New Hampshire","Dec","Control",2021
"New Hampshire","Jan","Control",2022
"New Hampshire","Feb","Control",2022
"New Hampshire","Mar","Control",2022
"New Hampshire","Apr","Control",2022
"New Hampshire","May","Control",2022
"New Hampshire","Jun","Control",2022
"New Hampshire","Jul","Control",2022
"New Hampshire","Aug","Control",2022
"New Hampshire","Sep","Control",2022
"New Hampshire","Oct","Control",2022
"New Hampshire","Nov","Control",2022
"New Hampshire","Dec","Control",2022
"New Hampshire","Jan","Control",2023
"New Hampshire","Feb","Control",2023
"New Hampshire","Mar","Control",2023
"New Hampshire","Apr","Control",2023
"New Hampshire","May","Control",2023
"New Hampshire","Jun","Control",2023
"New Hampshire","Jul","Control",2023
"New Hampshire","Aug","Control",2023
"New Hampshire","Sep","Control",2023
"New Hampshire","Oct","Control",2023
"New Hampshire","Nov","Control",2023
"New Hampshire","Dec","Control",2023
"New Hampshire","Jan","Control",2024
"New Hampshire","Feb","Control",2024
"New Hampshire","Mar","Control",2024
"New Hampshire","Apr","Control",2024
"New Jersey","Jan","Control",2020
"New Jersey","Feb","Control",2020
"New Jersey","Mar","Control",2020
"New Jersey","Apr","Control",2020
"New Jersey","May","Control",2020
"New Jersey","Jun","Control",2020
"New Jersey","Jul","Control",2020
"New Jersey","Aug","Control",2020
"New Jersey","Sep","Control",2020
"New Jersey","Oct","Control",2020
"New Jersey","Nov","Control",2020
"New Jersey","Dec","Control",2020
"New Jersey","Jan","Control",2021
"New Jersey","Feb","Control",2021
"New Jersey","Mar","Control",2021
"New Jersey","Apr","Control",2021
"New Jersey","May","Control",2021
"New Jersey","Jun","Control",2021
"New Jersey","Jul","Control",2021
"New Jersey","Aug","Control",2021
"New Jersey","Sep","Control",2021
"New Jersey","Oct","Control",2021
"New Jersey","Nov","Control",2021
"New Jersey","Dec","Control",2021
"New Jersey","Jan","Control",2022
"New Jersey","Feb","Control",2022
"New Jersey","Mar","Control",2022
"New Jersey","Apr","Control",2022
"New Jersey","May","Control",2022
"New Jersey","Jun","Control",2022
"New Jersey","Jul","Control",2022
"New Jersey","Aug","Control",2022
"New Jersey","Sep","Control",2022
"New Jersey","Oct","Control",2022
"New Jersey","Nov","Control",2022
"New Jersey","Dec","Control",2022
"New Jersey","Jan","Control",2023
"New Jersey","Feb","Control",2023
"New Jersey","Mar","Control",2023
"New Jersey","Apr","Control",2023
"New Jersey","May","Control",2023
"New Jersey","Jun","Control",2023
"New Jersey","Jul","Control",2023
"New Jersey","Aug","Control",2023
"New Jersey","Sep","Control",2023
"New Jersey","Oct","Control",2023
"New Jersey","Nov","Control",2023
"New Jersey","Dec","Control",2023
"New Jersey","Jan","Control",2024
"New Jersey","Feb","Control",2024
"New Jersey","Mar","Control",2024
"New Jersey","Apr","Control",2024
"New Mexico","Jan","Control",2020
"New Mexico","Feb","Control",2020
"New Mexico","Mar","Control",2020
"New Mexico","Apr","Control",2020
"New Mexico","May","Control",2020
"New Mexico","Jun","Control",2020
"New Mexico","Jul","Control",2020
"New Mexico","Aug","Control",2020
"New Mexico","Sep","Control",2020
"New Mexico","Oct","Control",2020
"New Mexico","Nov","Control",2020
"New Mexico","Dec","Control",2020
"New Mexico","Jan","Control",2021
"New Mexico","Feb","Control",2021
"New Mexico","Mar","Control",2021
"New Mexico","Apr","Control",2021
"New Mexico","May","Control",2021
"New Mexico","Jun","Control",2021
"New Mexico","Jul","Control",2021
"New Mexico","Aug","Control",2021
"New Mexico","Sep","Control",2021
"New Mexico","Oct","Control",2021
"New Mexico","Nov","Control",2021
"New Mexico","Dec","Control",2021
"New Mexico","Jan","Control",2022
"New Mexico","Feb","Control",2022
"New Mexico","Mar","Control",2022
"New Mexico","Apr","Control",2022
"New Mexico","May","Control",2022
"New Mexico","Jun","Control",2022
"New Mexico","Jul","Control",2022
"New Mexico","Aug","Control",2022
"New Mexico","Sep","Control",2022
"New Mexico","Oct","Control",2022
"New Mexico","Nov","Control",2022
"New Mexico","Dec","Control",2022
"New Mexico","Jan","Control",2023
"New Mexico","Feb","Control",2023
"New Mexico","Mar","Control",2023
"New Mexico","Apr","Control",2023
"New Mexico","May","Control",2023
"New Mexico","Jun","Control",2023
"New Mexico","Jul","Control",2023
"New Mexico","Aug","Control",2023
"New Mexico","Sep","Control",2023
"New Mexico","Oct","Control",2023
"New Mexico","Nov","Control",2023
"New Mexico","Dec","Control",2023
"New Mexico","Jan","Control",2024
"New Mexico","Feb","Control",2024
"New Mexico","Mar","Control",2024
"New Mexico","Apr","Control",2024
"New York","Jan","Control",2020
"New York","Feb","Control",2020
"New York","Mar","Control",2020
"New York","Apr","Control",2020
"New York","May","Control",2020
"New York","Jun","Control",2020
"New York","Jul","Control",2020
"New York","Aug","Control",2020
"New York","Sep","Control",2020
"New York","Oct","Control",2020
"New York","Nov","Control",2020
"New York","Dec","Control",2020
"New York","Jan","Control",2021
"New York","Feb","Control",2021
"New York","Mar","Control",2021
"New York","Apr","Control",2021
"New York","May","Control",2021
"New York","Jun","Control",2021
"New York","Jul","Control",2021
"New York","Aug","Control",2021
"New York","Sep","Control",2021
"New York","Oct","Control",2021
"New York","Nov","Control",2021
"New York","Dec","Control",2021
"New York","Jan","Control",2022
"New York","Feb","Control",2022
"New York","Mar","Control",2022
"New York","Apr","Control",2022
"New York","May","Control",2022
"New York","Jun","Control",2022
"New York","Jul","Control",2022
"New York","Aug","Control",2022
"New York","Sep","Control",2022
"New York","Oct","Control",2022
"New York","Nov","Control",2022
"New York","Dec","Control",2022
"New York","Jan","Control",2023
"New York","Feb","Control",2023
"New York","Mar","Control",2023
"New York","Apr","Control",2023
"New York","May","Control",2023
"New York","Jun","Control",2023
"New York","Jul","Control",2023
"New York","Aug","Control",2023
"New York","Sep","Control",2023
"New York","Oct","Control",2023
"New York","Nov","Control",2023
"New York","Dec","Control",2023
"New York","Jan","Control",2024
"New York","Feb","Control",2024
"New York","Mar","Control",2024
"New York","Apr","Control",2024
"North Carolina","Jan","Control",2020
"North Carolina","Feb","Control",2020
"North Carolina","Mar","Control",2020
"North Carolina","Apr","Control",2020
"North Carolina","May","Control",2020
"North Carolina","Jun","Control",2020
"North Carolina","Jul","Control",2020
"North Carolina","Aug","Control",2020
"North Carolina","Sep","Control",2020
"North Carolina","Oct","Control",2020
"North Carolina","Nov","Control",2020
"North Carolina","Dec","Control",2020
"North Carolina","Jan","Control",2021
"North Carolina","Feb","Control",2021
"North Carolina","Mar","Control",2021
"North Carolina","Apr","Control",2021
"North Carolina","May","Control",2021
"North Carolina","Jun","Control",2021
"North Carolina","Jul","Control",2021
"North Carolina","Aug","Control",2021
"North Carolina","Sep","Control",2021
"North Carolina","Oct","Control",2021
"North Carolina","Nov","Control",2021
"North Carolina","Dec","Control",2021
"North Carolina","Jan","Control",2022
"North Carolina","Feb","Control",2022
"North Carolina","Mar","Control",2022
"North Carolina","Apr","Control",2022
"North Carolina","May","Control",2022
"North Carolina","Jun","Control",2022
"North Carolina","Jul","Control",2022
"North Carolina","Aug","Control",2022
"North Carolina","Sep","Control",2022
"North Carolina","Oct","Control",2022
"North Carolina","Nov","Control",2022
"North Carolina","Dec","Control",2022
"North Carolina","Jan","Control",2023
"North Carolina","Feb","Control",2023
"North Carolina","Mar","Control",2023
"North Carolina","Apr","Control",2023
"North Carolina","May","Control",2023
"North Carolina","Jun","Control",2023
"North Carolina","Jul","Control",2023
"North Carolina","Aug","Control",2023
"North Carolina","Sep","Control",2023
"North Carolina","Oct","Control",2023
"North Carolina","Nov","Control",2023
"North Carolina","Dec","Control",2023
"North Carolina","Jan","Ban",2024
"North Carolina","Feb","Ban",2024
"North Carolina","Mar","Ban",2024
"North Carolina","Apr","Ban",2024
"North Dakota","Jan","Control",2020
"North Dakota","Feb","Control",2020
"North Dakota","Mar","Control",2020
"North Dakota","Apr","Control",2020
"North Dakota","May","Control",2020
"North Dakota","Jun","Control",2020
"North Dakota","Jul","Control",2020
"North Dakota","Aug","Control",2020
"North Dakota","Sep","Control",2020
"North Dakota","Oct","Control",2020
"North Dakota","Nov","Control",2020
"North Dakota","Dec","Control",2020
"North Dakota","Jan","Control",2021
"North Dakota","Feb","Control",2021
"North Dakota","Mar","Control",2021
"North Dakota","Apr","Control",2021
"North Dakota","May","Control",2021
"North Dakota","Jun","Control",2021
"North Dakota","Jul","Control",2021
"North Dakota","Aug","Control",2021
"North Dakota","Sep","Control",2021
"North Dakota","Oct","Control",2021
"North Dakota","Nov","Control",2021
"North Dakota","Dec","Control",2021
"North Dakota","Jan","Control",2022
"North Dakota","Feb","Control",2022
"North Dakota","Mar","Control",2022
"North Dakota","Apr","Control",2022
"North Dakota","May","Control",2022
"North Dakota","Jun","Control",2022
"North Dakota","Jul","Control",2022
"North Dakota","Aug","Control",2022
"North Dakota","Sep","Control",2022
"North Dakota","Oct","Control",2022
"North Dakota","Nov","Control",2022
"North Dakota","Dec","Control",2022
"North Dakota","Jan","Control",2023
"North Dakota","Feb","Control",2023
"North Dakota","Mar","Control",2023
"North Dakota","Apr","Control",2023
"North Dakota","May","Control",2023
"North Dakota","Jun","Control",2023
"North Dakota","Jul","Control",2023
"North Dakota","Aug","Control",2023
"North Dakota","Sep","Control",2023
"North Dakota","Oct","Control",2023
"North Dakota","Nov","Ban",2023
"North Dakota","Dec","Ban",2023
"North Dakota","Jan","Ban",2024
"North Dakota","Feb","Ban",2024
"North Dakota","Mar","Ban",2024
"North Dakota","Apr","Ban",2024
"Ohio","Jan","Control",2020
"Ohio","Feb","Control",2020
"Ohio","Mar","Control",2020
"Ohio","Apr","Control",2020
"Ohio","May","Control",2020
"Ohio","Jun","Control",2020
"Ohio","Jul","Control",2020
"Ohio","Aug","Control",2020
"Ohio","Sep","Control",2020
"Ohio","Oct","Control",2020
"Ohio","Nov","Control",2020
"Ohio","Dec","Control",2020
"Ohio","Jan","Control",2021
"Ohio","Feb","Control",2021
"Ohio","Mar","Control",2021
"Ohio","Apr","Control",2021
"Ohio","May","Control",2021
"Ohio","Jun","Control",2021
"Ohio","Jul","Control",2021
"Ohio","Aug","Control",2021
"Ohio","Sep","Control",2021
"Ohio","Oct","Control",2021
"Ohio","Nov","Control",2021
"Ohio","Dec","Control",2021
"Ohio","Jan","Control",2022
"Ohio","Feb","Control",2022
"Ohio","Mar","Control",2022
"Ohio","Apr","Control",2022
"Ohio","May","Control",2022
"Ohio","Jun","Control",2022
"Ohio","Jul","Control",2022
"Ohio","Aug","Control",2022
"Ohio","Sep","Control",2022
"Ohio","Oct","Control",2022
"Ohio","Nov","Control",2022
"Ohio","Dec","Control",2022
"Ohio","Jan","Ban",2023
"Ohio","Feb","Ban",2023
"Ohio","Mar","Control",2023
"Ohio","Apr","Control",2023
"Ohio","May","Control",2023
"Ohio","Jun","Control",2023
"Ohio","Jul","Control",2023
"Ohio","Aug","Control",2023
"Ohio","Sep","Control",2023
"Ohio","Oct","Control",2023
"Ohio","Nov","Control",2023
"Ohio","Dec","Control",2023
"Ohio","Jan","Control",2024
"Ohio","Feb","Control",2024
"Ohio","Mar","Control",2024
"Ohio","Apr","Control",2024
"Oklahoma","Jan","Control",2020
"Oklahoma","Feb","Control",2020
"Oklahoma","Mar","Control",2020
"Oklahoma","Apr","Control",2020
"Oklahoma","May","Control",2020
"Oklahoma","Jun","Control",2020
"Oklahoma","Jul","Control",2020
"Oklahoma","Aug","Control",2020
"Oklahoma","Sep","Control",2020
"Oklahoma","Oct","Control",2020
"Oklahoma","Nov","Control",2020
"Oklahoma","Dec","Control",2020
"Oklahoma","Jan","Control",2021
"Oklahoma","Feb","Control",2021
"Oklahoma","Mar","Control",2021
"Oklahoma","Apr","Control",2021
"Oklahoma","May","Control",2021
"Oklahoma","Jun","Control",2021
"Oklahoma","Jul","Control",2021
"Oklahoma","Aug","Control",2021
"Oklahoma","Sep","Control",2021
"Oklahoma","Oct","Control",2021
"Oklahoma","Nov","Control",2021
"Oklahoma","Dec","Control",2021
"Oklahoma","Jan","Control",2022
"Oklahoma","Feb","Control",2022
"Oklahoma","Mar","Control",2022
"Oklahoma","Apr","Control",2022
"Oklahoma","May","Control",2022
"Oklahoma","Jun","Control",2022
"Oklahoma","Jul","Control",2022
"Oklahoma","Aug","Control",2022
"Oklahoma","Sep","Control",2022
"Oklahoma","Oct","Control",2022
"Oklahoma","Nov","Control",2022
"Oklahoma","Dec","Control",2022
"Oklahoma","Jan","Ban",2023
"Oklahoma","Feb","Ban",2023
"Oklahoma","Mar","Ban",2023
"Oklahoma","Apr","Ban",2023
"Oklahoma","May","Ban",2023
"Oklahoma","Jun","Ban",2023
"Oklahoma","Jul","Ban",2023
"Oklahoma","Aug","Ban",2023
"Oklahoma","Sep","Ban",2023
"Oklahoma","Oct","Ban",2023
"Oklahoma","Nov","Ban",2023
"Oklahoma","Dec","Ban",2023
"Oklahoma","Jan","Ban",2024
"Oklahoma","Feb","Ban",2024
"Oklahoma","Mar","Ban",2024
"Oklahoma","Apr","Ban",2024
"Oregon","Jan","Control",2020
"Oregon","Feb","Control",2020
"Oregon","Mar","Control",2020
"Oregon","Apr","Control",2020
"Oregon","May","Control",2020
"Oregon","Jun","Control",2020
"Oregon","Jul","Control",2020
"Oregon","Aug","Control",2020
"Oregon","Sep","Control",2020
"Oregon","Oct","Control",2020
"Oregon","Nov","Control",2020
"Oregon","Dec","Control",2020
"Oregon","Jan","Control",2021
"Oregon","Feb","Control",2021
"Oregon","Mar","Control",2021
"Oregon","Apr","Control",2021
"Oregon","May","Control",2021
"Oregon","Jun","Control",2021
"Oregon","Jul","Control",2021
"Oregon","Aug","Control",2021
"Oregon","Sep","Control",2021
"Oregon","Oct","Control",2021
"Oregon","Nov","Control",2021
"Oregon","Dec","Control",2021
"Oregon","Jan","Control",2022
"Oregon","Feb","Control",2022
"Oregon","Mar","Control",2022
"Oregon","Apr","Control",2022
"Oregon","May","Control",2022
"Oregon","Jun","Control",2022
"Oregon","Jul","Control",2022
"Oregon","Aug","Control",2022
"Oregon","Sep","Control",2022
"Oregon","Oct","Control",2022
"Oregon","Nov","Control",2022
"Oregon","Dec","Control",2022
"Oregon","Jan","Control",2023
"Oregon","Feb","Control",2023
"Oregon","Mar","Control",2023
"Oregon","Apr","Control",2023
"Oregon","May","Control",2023
"Oregon","Jun","Control",2023
"Oregon","Jul","Control",2023
"Oregon","Aug","Control",2023
"Oregon","Sep","Control",2023
"Oregon","Oct","Control",2023
"Oregon","Nov","Control",2023
"Oregon","Dec","Control",2023
"Oregon","Jan","Control",2024
"Oregon","Feb","Control",2024
"Oregon","Mar","Control",2024
"Oregon","Apr","Control",2024
"Pennsylvania","Jan","Control",2020
"Pennsylvania","Feb","Control",2020
"Pennsylvania","Mar","Control",2020
"Pennsylvania","Apr","Control",2020
"Pennsylvania","May","Control",2020
"Pennsylvania","Jun","Control",2020
"Pennsylvania","Jul","Control",2020
"Pennsylvania","Aug","Control",2020
"Pennsylvania","Sep","Control",2020
"Pennsylvania","Oct","Control",2020
"Pennsylvania","Nov","Control",2020
"Pennsylvania","Dec","Control",2020
"Pennsylvania","Jan","Control",2021
"Pennsylvania","Feb","Control",2021
"Pennsylvania","Mar","Control",2021
"Pennsylvania","Apr","Control",2021
"Pennsylvania","May","Control",2021
"Pennsylvania","Jun","Control",2021
"Pennsylvania","Jul","Control",2021
"Pennsylvania","Aug","Control",2021
"Pennsylvania","Sep","Control",2021
"Pennsylvania","Oct","Control",2021
"Pennsylvania","Nov","Control",2021
"Pennsylvania","Dec","Control",2021
"Pennsylvania","Jan","Control",2022
"Pennsylvania","Feb","Control",2022
"Pennsylvania","Mar","Control",2022
"Pennsylvania","Apr","Control",2022
"Pennsylvania","May","Control",2022
"Pennsylvania","Jun","Control",2022
"Pennsylvania","Jul","Control",2022
"Pennsylvania","Aug","Control",2022
"Pennsylvania","Sep","Control",2022
"Pennsylvania","Oct","Control",2022
"Pennsylvania","Nov","Control",2022
"Pennsylvania","Dec","Control",2022
"Pennsylvania","Jan","Control",2023
"Pennsylvania","Feb","Control",2023
"Pennsylvania","Mar","Control",2023
"Pennsylvania","Apr","Control",2023
"Pennsylvania","May","Control",2023
"Pennsylvania","Jun","Control",2023
"Pennsylvania","Jul","Control",2023
"Pennsylvania","Aug","Control",2023
"Pennsylvania","Sep","Control",2023
"Pennsylvania","Oct","Control",2023
"Pennsylvania","Nov","Control",2023
"Pennsylvania","Dec","Control",2023
"Pennsylvania","Jan","Control",2024
"Pennsylvania","Feb","Control",2024
"Pennsylvania","Mar","Control",2024
"Pennsylvania","Apr","Control",2024
"Rhode Island","Jan","Control",2020
"Rhode Island","Feb","Control",2020
"Rhode Island","Mar","Control",2020
"Rhode Island","Apr","Control",2020
"Rhode Island","May","Control",2020
"Rhode Island","Jun","Control",2020
"Rhode Island","Jul","Control",2020
"Rhode Island","Aug","Control",2020
"Rhode Island","Sep","Control",2020
"Rhode Island","Oct","Control",2020
"Rhode Island","Nov","Control",2020
"Rhode Island","Dec","Control",2020
"Rhode Island","Jan","Control",2021
"Rhode Island","Feb","Control",2021
"Rhode Island","Mar","Control",2021
"Rhode Island","Apr","Control",2021
"Rhode Island","May","Control",2021
"Rhode Island","Jun","Control",2021
"Rhode Island","Jul","Control",2021
"Rhode Island","Aug","Control",2021
"Rhode Island","Sep","Control",2021
"Rhode Island","Oct","Control",2021
"Rhode Island","Nov","Control",2021
"Rhode Island","Dec","Control",2021
"Rhode Island","Jan","Control",2022
"Rhode Island","Feb","Control",2022
"Rhode Island","Mar","Control",2022
"Rhode Island","Apr","Control",2022
"Rhode Island","May","Control",2022
"Rhode Island","Jun","Control",2022
"Rhode Island","Jul","Control",2022
"Rhode Island","Aug","Control",2022
"Rhode Island","Sep","Control",2022
"Rhode Island","Oct","Control",2022
"Rhode Island","Nov","Control",2022
"Rhode Island","Dec","Control",2022
"Rhode Island","Jan","Control",2023
"Rhode Island","Feb","Control",2023
"Rhode Island","Mar","Control",2023
"Rhode Island","Apr","Control",2023
"Rhode Island","May","Control",2023
"Rhode Island","Jun","Control",2023
"Rhode Island","Jul","Control",2023
"Rhode Island","Aug","Control",2023
"Rhode Island","Sep","Control",2023
"Rhode Island","Oct","Control",2023
"Rhode Island","Nov","Control",2023
"Rhode Island","Dec","Control",2023
"Rhode Island","Jan","Control",2024
"Rhode Island","Feb","Control",2024
"Rhode Island","Mar","Control",2024
"Rhode Island","Apr","Control",2024
"South Carolina","Jan","Control",2020
"South Carolina","Feb","Control",2020
"South Carolina","Mar","Control",2020
"South Carolina","Apr","Control",2020
"South Carolina","May","Control",2020
"South Carolina","Jun","Control",2020
"South Carolina","Jul","Control",2020
"South Carolina","Aug","Control",2020
"South Carolina","Sep","Control",2020
"South Carolina","Oct","Control",2020
"South Carolina","Nov","Control",2020
"South Carolina","Dec","Control",2020
"South Carolina","Jan","Control",2021
"South Carolina","Feb","Control",2021
"South Carolina","Mar","Control",2021
"South Carolina","Apr","Control",2021
"South Carolina","May","Control",2021
"South Carolina","Jun","Control",2021
"South Carolina","Jul","Control",2021
"South Carolina","Aug","Control",2021
"South Carolina","Sep","Control",2021
"South Carolina","Oct","Control",2021
"South Carolina","Nov","Control",2021
"South Carolina","Dec","Control",2021
"South Carolina","Jan","Control",2022
"South Carolina","Feb","Control",2022
"South Carolina","Mar","Control",2022
"South Carolina","Apr","Control",2022
"South Carolina","May","Control",2022
"South Carolina","Jun","Control",2022
"South Carolina","Jul","Control",2022
"South Carolina","Aug","Control",2022
"South Carolina","Sep","Control",2022
"South Carolina","Oct","Control",2022
"South Carolina","Nov","Control",2022
"South Carolina","Dec","Control",2022
"South Carolina","Jan","Ban",2023
"South Carolina","Feb","Ban",2023
"South Carolina","Mar","Control",2023
"South Carolina","Apr","Control",2023
"South Carolina","May","Control",2023
"South Carolina","Jun","Control",2023
"South Carolina","Jul","Control",2023
"South Carolina","Aug","Control",2023
"South Carolina","Sep","Control",2023
"South Carolina","Oct","Control",2023
"South Carolina","Nov","Control",2023
"South Carolina","Dec","Control",2023
"South Carolina","Jan","Control",2024
"South Carolina","Feb","Control",2024
"South Carolina","Mar","Ban",2024
"South Carolina","Apr","Ban",2024
"South Dakota","Jan","Control",2020
"South Dakota","Feb","Control",2020
"South Dakota","Mar","Control",2020
"South Dakota","Apr","Control",2020
"South Dakota","May","Control",2020
"South Dakota","Jun","Control",2020
"South Dakota","Jul","Control",2020
"South Dakota","Aug","Control",2020
"South Dakota","Sep","Control",2020
"South Dakota","Oct","Control",2020
"South Dakota","Nov","Control",2020
"South Dakota","Dec","Control",2020
"South Dakota","Jan","Control",2021
"South Dakota","Feb","Control",2021
"South Dakota","Mar","Control",2021
"South Dakota","Apr","Control",2021
"South Dakota","May","Control",2021
"South Dakota","Jun","Control",2021
"South Dakota","Jul","Control",2021
"South Dakota","Aug","Control",2021
"South Dakota","Sep","Control",2021
"South Dakota","Oct","Control",2021
"South Dakota","Nov","Control",2021
"South Dakota","Dec","Control",2021
"South Dakota","Jan","Control",2022
"South Dakota","Feb","Control",2022
"South Dakota","Mar","Control",2022
"South Dakota","Apr","Control",2022
"South Dakota","May","Control",2022
"South Dakota","Jun","Control",2022
"South Dakota","Jul","Control",2022
"South Dakota","Aug","Control",2022
"South Dakota","Sep","Control",2022
"South Dakota","Oct","Control",2022
"South Dakota","Nov","Control",2022
"South Dakota","Dec","Control",2022
"South Dakota","Jan","Ban",2023
"South Dakota","Feb","Ban",2023
"South Dakota","Mar","Ban",2023
"South Dakota","Apr","Ban",2023
"South Dakota","May","Ban",2023
"South Dakota","Jun","Ban",2023
"South Dakota","Jul","Ban",2023
"South Dakota","Aug","Ban",2023
"South Dakota","Sep","Ban",2023
"South Dakota","Oct","Ban",2023
"South Dakota","Nov","Ban",2023
"South Dakota","Dec","Ban",2023
"South Dakota","Jan","Ban",2024
"South Dakota","Feb","Ban",2024
"South Dakota","Mar","Ban",2024
"South Dakota","Apr","Ban",2024
"Tennessee","Jan","Control",2020
"Tennessee","Feb","Control",2020
"Tennessee","Mar","Control",2020
"Tennessee","Apr","Control",2020
"Tennessee","May","Control",2020
"Tennessee","Jun","Control",2020
"Tennessee","Jul","Control",2020
"Tennessee","Aug","Control",2020
"Tennessee","Sep","Control",2020
"Tennessee","Oct","Control",2020
"Tennessee","Nov","Control",2020
"Tennessee","Dec","Control",2020
"Tennessee","Jan","Control",2021
"Tennessee","Feb","Control",2021
"Tennessee","Mar","Control",2021
"Tennessee","Apr","Control",2021
"Tennessee","May","Control",2021
"Tennessee","Jun","Control",2021
"Tennessee","Jul","Control",2021
"Tennessee","Aug","Control",2021
"Tennessee","Sep","Control",2021
"Tennessee","Oct","Control",2021
"Tennessee","Nov","Control",2021
"Tennessee","Dec","Control",2021
"Tennessee","Jan","Control",2022
"Tennessee","Feb","Control",2022
"Tennessee","Mar","Control",2022
"Tennessee","Apr","Control",2022
"Tennessee","May","Control",2022
"Tennessee","Jun","Control",2022
"Tennessee","Jul","Control",2022
"Tennessee","Aug","Control",2022
"Tennessee","Sep","Control",2022
"Tennessee","Oct","Control",2022
"Tennessee","Nov","Control",2022
"Tennessee","Dec","Control",2022
"Tennessee","Jan","Ban",2023
"Tennessee","Feb","Ban",2023
"Tennessee","Mar","Ban",2023
"Tennessee","Apr","Ban",2023
"Tennessee","May","Ban",2023
"Tennessee","Jun","Ban",2023
"Tennessee","Jul","Ban",2023
"Tennessee","Aug","Ban",2023
"Tennessee","Sep","Ban",2023
"Tennessee","Oct","Ban",2023
"Tennessee","Nov","Ban",2023
"Tennessee","Dec","Ban",2023
"Tennessee","Jan","Ban",2024
"Tennessee","Feb","Ban",2024
"Tennessee","Mar","Ban",2024
"Tennessee","Apr","Ban",2024
"Texas","Jan","Control",2020
"Texas","Feb","Control",2020
"Texas","Mar","Control",2020
"Texas","Apr","Control",2020
"Texas","May","Control",2020
"Texas","Jun","Control",2020
"Texas","Jul","Control",2020
"Texas","Aug","Control",2020
"Texas","Sep","Control",2020
"Texas","Oct","Control",2020
"Texas","Nov","Control",2020
"Texas","Dec","Control",2020
"Texas","Jan","Control",2021
"Texas","Feb","Control",2021
"Texas","Mar","Control",2021
"Texas","Apr","Control",2021
"Texas","May","Control",2021
"Texas","Jun","Control",2021
"Texas","Jul","Control",2021
"Texas","Aug","Control",2021
"Texas","Sep","Control",2021
"Texas","Oct","Control",2021
"Texas","Nov","Control",2021
"Texas","Dec","Control",2021
"Texas","Jan","Control",2022
"Texas","Feb","Control",2022
"Texas","Mar","Control",2022
"Texas","Apr","Control",2022
"Texas","May","Control",2022
"Texas","Jun","Control",2022
"Texas","Jul","Control",2022
"Texas","Aug","Control",2022
"Texas","Sep","Control",2022
"Texas","Oct","Control",2022
"Texas","Nov","Control",2022
"Texas","Dec","Control",2022
"Texas","Jan","Ban",2023
"Texas","Feb","Ban",2023
"Texas","Mar","Ban",2023
"Texas","Apr","Ban",2023
"Texas","May","Ban",2023
"Texas","Jun","Ban",2023
"Texas","Jul","Ban",2023
"Texas","Aug","Ban",2023
"Texas","Sep","Ban",2023
"Texas","Oct","Ban",2023
"Texas","Nov","Ban",2023
"Texas","Dec","Ban",2023
"Texas","Jan","Ban",2024
"Texas","Feb","Ban",2024
"Texas","Mar","Ban",2024
"Texas","Apr","Ban",2024
"Utah","Jan","Control",2020
"Utah","Feb","Control",2020
"Utah","Mar","Control",2020
"Utah","Apr","Control",2020
"Utah","May","Control",2020
"Utah","Jun","Control",2020
"Utah","Jul","Control",2020
"Utah","Aug","Control",2020
"Utah","Sep","Control",2020
"Utah","Oct","Control",2020
"Utah","Nov","Control",2020
"Utah","Dec","Control",2020
"Utah","Jan","Control",2021
"Utah","Feb","Control",2021
"Utah","Mar","Control",2021
"Utah","Apr","Control",2021
"Utah","May","Control",2021
"Utah","Jun","Control",2021
"Utah","Jul","Control",2021
"Utah","Aug","Control",2021
"Utah","Sep","Control",2021
"Utah","Oct","Control",2021
"Utah","Nov","Control",2021
"Utah","Dec","Control",2021
"Utah","Jan","Control",2022
"Utah","Feb","Control",2022
"Utah","Mar","Control",2022
"Utah","Apr","Control",2022
"Utah","May","Control",2022
"Utah","Jun","Control",2022
"Utah","Jul","Control",2022
"Utah","Aug","Control",2022
"Utah","Sep","Control",2022
"Utah","Oct","Control",2022
"Utah","Nov","Control",2022
"Utah","Dec","Control",2022
"Utah","Jan","Control",2023
"Utah","Feb","Control",2023
"Utah","Mar","Control",2023
"Utah","Apr","Control",2023
"Utah","May","Control",2023
"Utah","Jun","Control",2023
"Utah","Jul","Control",2023
"Utah","Aug","Control",2023
"Utah","Sep","Control",2023
"Utah","Oct","Control",2023
"Utah","Nov","Control",2023
"Utah","Dec","Control",2023
"Utah","Jan","Control",2024
"Utah","Feb","Control",2024
"Utah","Mar","Control",2024
"Utah","Apr","Control",2024
"Vermont","Jan","Control",2020
"Vermont","Feb","Control",2020
"Vermont","Mar","Control",2020
"Vermont","Apr","Control",2020
"Vermont","May","Control",2020
"Vermont","Jun","Control",2020
"Vermont","Jul","Control",2020
"Vermont","Aug","Control",2020
"Vermont","Sep","Control",2020
"Vermont","Oct","Control",2020
"Vermont","Nov","Control",2020
"Vermont","Dec","Control",2020
"Vermont","Jan","Control",2021
"Vermont","Feb","Control",2021
"Vermont","Mar","Control",2021
"Vermont","Apr","Control",2021
"Vermont","May","Control",2021
"Vermont","Jun","Control",2021
"Vermont","Jul","Control",2021
"Vermont","Aug","Control",2021
"Vermont","Sep","Control",2021
"Vermont","Oct","Control",2021
"Vermont","Nov","Control",2021
"Vermont","Dec","Control",2021
"Vermont","Jan","Control",2022
"Vermont","Feb","Control",2022
"Vermont","Mar","Control",2022
"Vermont","Apr","Control",2022
"Vermont","May","Control",2022
"Vermont","Jun","Control",2022
"Vermont","Jul","Control",2022
"Vermont","Aug","Control",2022
"Vermont","Sep","Control",2022
"Vermont","Oct","Control",2022
"Vermont","Nov","Control",2022
"Vermont","Dec","Control",2022
"Vermont","Jan","Control",2023
"Vermont","Feb","Control",2023
"Vermont","Mar","Control",2023
"Vermont","Apr","Control",2023
"Vermont","May","Control",2023
"Vermont","Jun","Control",2023
"Vermont","Jul","Control",2023
"Vermont","Aug","Control",2023
"Vermont","Sep","Control",2023
"Vermont","Oct","Control",2023
"Vermont","Nov","Control",2023
"Vermont","Dec","Control",2023
"Vermont","Jan","Control",2024
"Vermont","Feb","Control",2024
"Vermont","Mar","Control",2024
"Vermont","Apr","Control",2024
"Virginia","Jan","Control",2020
"Virginia","Feb","Control",2020
"Virginia","Mar","Control",2020
"Virginia","Apr","Control",2020
"Virginia","May","Control",2020
"Virginia","Jun","Control",2020
"Virginia","Jul","Control",2020
"Virginia","Aug","Control",2020
"Virginia","Sep","Control",2020
"Virginia","Oct","Control",2020
"Virginia","Nov","Control",2020
"Virginia","Dec","Control",2020
"Virginia","Jan","Control",2021
"Virginia","Feb","Control",2021
"Virginia","Mar","Control",2021
"Virginia","Apr","Control",2021
"Virginia","May","Control",2021
"Virginia","Jun","Control",2021
"Virginia","Jul","Control",2021
"Virginia","Aug","Control",2021
"Virginia","Sep","Control",2021
"Virginia","Oct","Control",2021
"Virginia","Nov","Control",2021
"Virginia","Dec","Control",2021
"Virginia","Jan","Control",2022
"Virginia","Feb","Control",2022
"Virginia","Mar","Control",2022
"Virginia","Apr","Control",2022
"Virginia","May","Control",2022
"Virginia","Jun","Control",2022
"Virginia","Jul","Control",2022
"Virginia","Aug","Control",2022
"Virginia","Sep","Control",2022
"Virginia","Oct","Control",2022
"Virginia","Nov","Control",2022
"Virginia","Dec","Control",2022
"Virginia","Jan","Control",2023
"Virginia","Feb","Control",2023
"Virginia","Mar","Control",2023
"Virginia","Apr","Control",2023
"Virginia","May","Control",2023
"Virginia","Jun","Control",2023
"Virginia","Jul","Control",2023
"Virginia","Aug","Control",2023
"Virginia","Sep","Control",2023
"Virginia","Oct","Control",2023
"Virginia","Nov","Control",2023
"Virginia","Dec","Control",2023
"Virginia","Jan","Control",2024
"Virginia","Feb","Control",2024
"Virginia","Mar","Control",2024
"Virginia","Apr","Control",2024
"Washington","Jan","Control",2020
"Washington","Feb","Control",2020
"Washington","Mar","Control",2020
"Washington","Apr","Control",2020
"Washington","May","Control",2020
"Washington","Jun","Control",2020
"Washington","Jul","Control",2020
"Washington","Aug","Control",2020
"Washington","Sep","Control",2020
"Washington","Oct","Control",2020
"Washington","Nov","Control",2020
"Washington","Dec","Control",2020
"Washington","Jan","Control",2021
"Washington","Feb","Control",2021
"Washington","Mar","Control",2021
"Washington","Apr","Control",2021
"Washington","May","Control",2021
"Washington","Jun","Control",2021
"Washington","Jul","Control",2021
"Washington","Aug","Control",2021
"Washington","Sep","Control",2021
"Washington","Oct","Control",2021
"Washington","Nov","Control",2021
"Washington","Dec","Control",2021
"Washington","Jan","Control",2022
"Washington","Feb","Control",2022
"Washington","Mar","Control",2022
"Washington","Apr","Control",2022
"Washington","May","Control",2022
"Washington","Jun","Control",2022
"Washington","Jul","Control",2022
"Washington","Aug","Control",2022
"Washington","Sep","Control",2022
"Washington","Oct","Control",2022
"Washington","Nov","Control",2022
"Washington","Dec","Control",2022
"Washington","Jan","Control",2023
"Washington","Feb","Control",2023
"Washington","Mar","Control",2023
"Washington","Apr","Control",2023
"Washington","May","Control",2023
"Washington","Jun","Control",2023
"Washington","Jul","Control",2023
"Washington","Aug","Control",2023
"Washington","Sep","Control",2023
"Washington","Oct","Control",2023
"Washington","Nov","Control",2023
"Washington","Dec","Control",2023
"Washington","Jan","Control",2024
"Washington","Feb","Control",2024
"Washington","Mar","Control",2024
"Washington","Apr","Control",2024
"West Virginia","Jan","Control",2020
"West Virginia","Feb","Control",2020
"West Virginia","Mar","Control",2020
"West Virginia","Apr","Control",2020
"West Virginia","May","Control",2020
"West Virginia","Jun","Control",2020
"West Virginia","Jul","Control",2020
"West Virginia","Aug","Control",2020
"West Virginia","Sep","Control",2020
"West Virginia","Oct","Control",2020
"West Virginia","Nov","Control",2020
"West Virginia","Dec","Control",2020
"West Virginia","Jan","Control",2021
"West Virginia","Feb","Control",2021
"West Virginia","Mar","Control",2021
"West Virginia","Apr","Control",2021
"West Virginia","May","Control",2021
"West Virginia","Jun","Control",2021
"West Virginia","Jul","Control",2021
"West Virginia","Aug","Control",2021
"West Virginia","Sep","Control",2021
"West Virginia","Oct","Control",2021
"West Virginia","Nov","Control",2021
"West Virginia","Dec","Control",2021
"West Virginia","Jan","Control",2022
"West Virginia","Feb","Control",2022
"West Virginia","Mar","Control",2022
"West Virginia","Apr","Control",2022
"West Virginia","May","Control",2022
"West Virginia","Jun","Control",2022
"West Virginia","Jul","Control",2022
"West Virginia","Aug","Control",2022
"West Virginia","Sep","Control",2022
"West Virginia","Oct","Control",2022
"West Virginia","Nov","Control",2022
"West Virginia","Dec","Control",2022
"West Virginia","Jan","Ban",2023
"West Virginia","Feb","Control",2023
"West Virginia","Mar","Control",2023
"West Virginia","Apr","Ban",2023
"West Virginia","May","Ban",2023
"West Virginia","Jun","Ban",2023
"West Virginia","Jul","Ban",2023
"West Virginia","Aug","Ban",2023
"West Virginia","Sep","Ban",2023
"West Virginia","Oct","Ban",2023
"West Virginia","Nov","Ban",2023
"West Virginia","Dec","Ban",2023
"West Virginia","Jan","Ban",2024
"West Virginia","Feb","Ban",2024
"West Virginia","Mar","Ban",2024
"West Virginia","Apr","Ban",2024
"Wisconsin","Jan","Control",2020
"Wisconsin","Feb","Control",2020
"Wisconsin","Mar","Control",2020
"Wisconsin","Apr","Control",2020
"Wisconsin","May","Control",2020
"Wisconsin","Jun","Control",2020
"Wisconsin","Jul","Control",2020
"Wisconsin","Aug","Control",2020
"Wisconsin","Sep","Control",2020
"Wisconsin","Oct","Control",2020
"Wisconsin","Nov","Control",2020
"Wisconsin","Dec","Control",2020
"Wisconsin","Jan","Control",2021
"Wisconsin","Feb","Control",2021
"Wisconsin","Mar","Control",2021
"Wisconsin","Apr","Control",2021
"Wisconsin","May","Control",2021
"Wisconsin","Jun","Control",2021
"Wisconsin","Jul","Control",2021
"Wisconsin","Aug","Control",2021
"Wisconsin","Sep","Control",2021
"Wisconsin","Oct","Control",2021
"Wisconsin","Nov","Control",2021
"Wisconsin","Dec","Control",2021
"Wisconsin","Jan","Control",2022
"Wisconsin","Feb","Control",2022
"Wisconsin","Mar","Control",2022
"Wisconsin","Apr","Control",2022
"Wisconsin","May","Control",2022
"Wisconsin","Jun","Control",2022
"Wisconsin","Jul","Control",2022
"Wisconsin","Aug","Control",2022
"Wisconsin","Sep","Control",2022
"Wisconsin","Oct","Control",2022
"Wisconsin","Nov","Control",2022
"Wisconsin","Dec","Control",2022
"Wisconsin","Jan","Ban",2023
"Wisconsin","Feb","Ban",2023
"Wisconsin","Mar","Ban",2023
"Wisconsin","Apr","Ban",2023
"Wisconsin","May","Ban",2023
"Wisconsin","Jun","Ban",2023
"Wisconsin","Jul","Ban",2023
"Wisconsin","Aug","Ban",2023
"Wisconsin","Sep","Ban",2023
"Wisconsin","Oct","Ban",2023
"Wisconsin","Nov","Ban",2023
"Wisconsin","Dec","Ban",2023
"Wisconsin","Jan","Ban",2024
"Wisconsin","Feb","Ban",2024
"Wisconsin","Mar","Ban",2024
"Wisconsin","Apr","Control",2024
"Wyoming","Jan","Control",2020
"Wyoming","Feb","Control",2020
"Wyoming","Mar","Control",2020
"Wyoming","Apr","Control",2020
"Wyoming","May","Control",2020
"Wyoming","Jun","Control",2020
"Wyoming","Jul","Control",2020
"Wyoming","Aug","Control",2020
"Wyoming","Sep","Control",2020
"Wyoming","Oct","Control",2020
"Wyoming","Nov","Control",2020
"Wyoming","Dec","Control",2020
"Wyoming","Jan","Control",2021
"Wyoming","Feb","Control",2021
"Wyoming","Mar","Control",2021
"Wyoming","Apr","Control",2021
"Wyoming","May","Control",2021
"Wyoming","Jun","Control",2021
"Wyoming","Jul","Control",2021
"Wyoming","Aug","Control",2021
"Wyoming","Sep","Control",2021
"Wyoming","Oct","Control",2021
"Wyoming","Nov","Control",2021
"Wyoming","Dec","Control",2021
"Wyoming","Jan","Control",2022
"Wyoming","Feb","Control",2022
"Wyoming","Mar","Control",2022
"Wyoming","Apr","Control",2022
"Wyoming","May","Control",2022
"Wyoming","Jun","Control",2022
"Wyoming","Jul","Control",2022
"Wyoming","Aug","Control",2022
"Wyoming","Sep","Control",2022
"Wyoming","Oct","Control",2022
"Wyoming","Nov","Control",2022
"Wyoming","Dec","Control",2022
"Wyoming","Jan","Control",2023
"Wyoming","Feb","Control",2023
"Wyoming","Mar","Control",2023
"Wyoming","Apr","Control",2023
"Wyoming","May","Control",2023
"Wyoming","Jun","Control",2023
"Wyoming","Jul","Control",2023
"Wyoming","Aug","Control",2023
"Wyoming","Sep","Control",2023
"Wyoming","Oct","Control",2023
"Wyoming","Nov","Control",2023
"Wyoming","Dec","Control",2023
"Wyoming","Jan","Control",2024
"Wyoming","Feb","Control",2024
"Wyoming","Mar","Control",2024
"Wyoming","Apr","Control",2024
